mouseId,gender,litter,fatherId,motherId,dobMonth,dobDay,dobYear,dodMonth,dodDay,dodYear,tod,notes,genotype1,genotype2,genotype3,gene1,gene2,gene3
100,M,1,50,51,9,5,2012,-1,-1,-1,NA,,+/-,+/-,+/-,LEF1,RANKL,PTHrP
101,F,1,50,51,1,5,2011,2,24,2011,NA,,+/-,-/-,-/-,LEF1,RANKL,PTHrP
102,F,1,50,51,1,5,2011,2,24,2011,NA,,+/-,-/-,-/-,LEF1,RANKL,PTHrP
103,F,1,50,51,1,5,2011,2,24,2011,NA,,+/-,-/-,-/-,LEF1,RANKL,PTHrP
104,M,1,50,51,1,5,2011,2,24,2011,NA,,-/-,+/-,-/-,LEF1,RANKL,PTHrP
105,M,1,50,51,1,5,2011,2,24,2011,NA,,-/-,+/-,-/-,LEF1,RANKL,PTHrP
106,M,1,50,51,1,5,2011,2,24,2011,NA,,-/-,+/-,-/-,LEF1,RANKL,PTHrP
200,M,1,100,102,1,25,2011,3,20,2011,NA,,-/-,+/-,+/-,LEF1,RANKL,PTHrP
2000,M,1,104,103,3,7,2011,-1,-1,-1,NA,,NA,-/-,+/-,LEF1,RANKL,PTHrP
2001,M,1,104,103,3,7,2011,-1,-1,-1,NA,,NA,-/-,+/-,LEF1,RANKL,PTHrP
2002,M,1,104,103,3,7,2011,-1,-1,-1,NA,,NA,-/-,+/-,LEF1,RANKL,PTHrP
2003,M,1,100,103,3,7,2011,-1,-1,-1,NA,,NA,-/-,+/-,LEF1,RANKL,PTHrP
2004,F,1,100,103,3,7,2011,-1,-1,-1,NA,,NA,-/-,+/-,LEF1,RANKL,PTHrP
2005,F,1,100,103,3,7,2011,-1,-1,-1,NA,,NA,-/-,+/-,LEF1,RANKL,PTHrP
2006,F,1,100,103,3,7,2011,-1,-1,-1,NA,,NA,-/-,+/-,LEF1,RANKL,PTHrP
2007,F,1,100,103,3,7,2011,-1,-1,-1,NA,,NA,-/-,+/-,LEF1,RANKL,PTHrP
2008,F,1,100,103,3,7,2011,-1,-1,-1,NA,,NA,-/-,+/-,LEF1,RANKL,PTHrP
2009,F,1,100,103,3,7,2011,-1,-1,-1,NA,,NA,-/-,+/-,LEF1,RANKL,PTHrP
201,M,1,100,102,1,25,2011,3,20,2011,NA,,-/-,+/-,+/-,LEF1,RANKL,PTHrP
2010,F,1,100,103,3,7,2011,-1,-1,-1,NA,,NA,-/-,+/-,LEF1,RANKL,PTHrP
2011,F,1,100,103,3,7,2011,-1,-1,-1,NA,,NA,-/-,+/-,LEF1,RANKL,PTHrP
2012,F,1,100,103,3,7,2011,-1,-1,-1,NA,,NA,-/-,+/-,LEF1,RANKL,PTHrP
202,M,1,100,102,1,25,2011,3,20,2011,NA,,-/-,+/-,+/-,LEF1,RANKL,PTHrP
203,M,1,100,102,1,25,2011,3,20,2011,NA,,-/-,+/-,+/-,LEF1,RANKL,PTHrP
204,M,1,100,102,1,25,2011,3,20,2011,NA,,-/-,+/-,+/-,LEF1,RANKL,PTHrP
205,M,1,100,102,1,25,2011,3,20,2011,NA,,-/-,+/-,+/-,LEF1,RANKL,PTHrP
206,M,1,100,102,1,25,2011,3,20,2011,NA,,-/-,+/-,+/-,LEF1,RANKL,PTHrP
207,F,1,100,102,1,25,2011,3,20,2011,NA,,WT,+/-,+/-,LEF1,RANKL,PTHrP
208,F,1,100,102,1,25,2011,3,20,2011,NA,,WT,+/-,+/-,LEF1,RANKL,PTHrP
209,F,1,100,102,1,25,2011,3,20,2011,NA,,WT,+/-,+/-,LEF1,RANKL,PTHrP
210,F,1,100,102,1,25,2011,3,20,2011,NA,,WT,+/-,+/-,LEF1,RANKL,PTHrP
211,F,1,100,102,1,25,2011,3,20,2011,NA,,WT,+/-,+/-,LEF1,RANKL,PTHrP
212,F,1,100,102,1,25,2011,3,20,2011,NA,,WT,+/-,+/-,LEF1,RANKL,PTHrP
213,F,1,100,102,1,25,2011,3,20,2011,NA,,WT,+/-,+/-,LEF1,RANKL,PTHrP
214,F,1,100,102,1,25,2011,3,20,2011,NA,,WT,+/-,+/-,LEF1,RANKL,PTHrP
215,F,1,100,102,1,25,2011,3,20,2011,NA,,WT,+/-,+/-,LEF1,RANKL,PTHrP
216,F,2,100,102,2,5,2011,4,29,2011,NA,,-/-,WT,-/-,LEF1,RANKL,PTHrP
217,F,2,100,102,2,5,2011,4,29,2011,NA,,-/-,WT,-/-,LEF1,RANKL,PTHrP
218,F,2,100,102,2,5,2011,4,29,2011,NA,,-/-,WT,-/-,LEF1,RANKL,PTHrP
219,F,2,100,102,2,5,2011,4,29,2011,NA,,-/-,WT,-/-,LEF1,RANKL,PTHrP
220,F,2,100,102,2,5,2011,4,29,2011,NA,,-/-,WT,-/-,LEF1,RANKL,PTHrP
221,F,2,100,102,2,5,2011,4,29,2011,NA,,-/-,WT,-/-,LEF1,RANKL,PTHrP
222,F,2,100,102,2,5,2011,4,29,2011,NA,,-/-,+/-,+/-,LEF1,RANKL,PTHrP
223,F,2,100,102,2,5,2011,4,29,2011,NA,,-/-,+/-,+/-,LEF1,RANKL,PTHrP
224,F,2,100,102,2,5,2011,4,29,2011,NA,,-/-,+/-,+/-,LEF1,RANKL,PTHrP
225,F,2,100,102,2,5,2011,4,29,2011,NA,,-/-,+/-,+/-,LEF1,RANKL,PTHrP
226,F,2,100,102,2,5,2011,4,29,2011,NA,,-/-,+/-,+/-,LEF1,RANKL,PTHrP
227,F,2,100,102,2,5,2011,4,29,2011,NA,,-/-,+/-,+/-,LEF1,RANKL,PTHrP
228,F,2,100,102,2,5,2011,4,29,2011,NA,,-/-,+/-,+/-,LEF1,RANKL,PTHrP
229,F,2,100,102,2,5,2011,4,29,2011,NA,,-/-,+/-,+/-,LEF1,RANKL,PTHrP
230,M,2,100,102,2,5,2011,4,29,2011,NA,,-/-,WT,WT,LEF1,RANKL,PTHrP
231,M,2,100,102,2,5,2011,4,29,2011,NA,,-/-,WT,WT,LEF1,RANKL,PTHrP
232,M,2,100,102,2,5,2011,4,29,2011,NA,,-/-,WT,WT,LEF1,RANKL,PTHrP
233,M,2,100,102,2,5,2011,4,29,2011,NA,,-/-,WT,WT,LEF1,RANKL,PTHrP
234,M,2,100,102,2,5,2011,4,29,2011,NA,,-/-,WT,WT,LEF1,RANKL,PTHrP
235,M,2,100,102,2,5,2011,4,29,2011,NA,,+/-,WT,-/-,LEF1,RANKL,PTHrP
236,M,2,100,102,2,5,2011,4,29,2011,NA,,+/-,WT,-/-,LEF1,RANKL,PTHrP
237,M,2,100,102,2,5,2011,4,29,2011,NA,,+/-,WT,-/-,LEF1,RANKL,PTHrP
238,M,2,100,102,2,5,2011,4,29,2011,NA,,+/-,WT,-/-,LEF1,RANKL,PTHrP
239,M,2,100,102,2,5,2011,4,29,2011,NA,,+/-,WT,-/-,LEF1,RANKL,PTHrP
240,M,2,100,102,2,5,2011,4,29,2011,NA,,+/-,WT,-/-,LEF1,RANKL,PTHrP
241,M,2,100,102,2,5,2011,4,29,2011,NA,,+/-,WT,-/-,LEF1,RANKL,PTHrP
242,M,2,100,102,2,5,2011,4,29,2011,NA,,+/-,WT,-/-,LEF1,RANKL,PTHrP
243,M,2,100,102,2,5,2011,4,29,2011,NA,,+/-,-/-,NA,LEF1,RANKL,PTHrP
244,M,2,100,102,2,5,2011,4,29,2011,NA,,+/-,-/-,NA,LEF1,RANKL,PTHrP
245,M,2,100,102,2,5,2011,4,29,2011,NA,,+/-,-/-,NA,LEF1,RANKL,PTHrP
246,M,2,100,102,2,5,2011,4,29,2011,NA,,+/-,-/-,NA,LEF1,RANKL,PTHrP
247,M,2,100,102,2,5,2011,4,29,2011,NA,,+/-,-/-,NA,LEF1,RANKL,PTHrP
248,M,2,100,102,2,5,2011,4,29,2011,NA,,+/-,-/-,NA,LEF1,RANKL,PTHrP
249,M,2,100,102,2,5,2011,4,29,2011,NA,,+/-,-/-,NA,LEF1,RANKL,PTHrP
250,M,2,100,102,2,5,2011,4,29,2011,NA,,+/-,-/-,NA,LEF1,RANKL,PTHrP
2500,M,1,100,101,4,5,2011,-1,-1,-1,NA,,+/-,-/-,+/-,LEF1,RANKL,PTHrP
2501,M,1,100,101,4,5,2011,-1,-1,-1,NA,,+/-,-/-,+/-,LEF1,RANKL,PTHrP
2502,M,1,100,101,4,5,2011,-1,-1,-1,NA,,+/-,-/-,+/-,LEF1,RANKL,PTHrP
2503,M,1,100,101,4,5,2011,-1,-1,-1,NA,,+/-,-/-,+/-,LEF1,RANKL,PTHrP
2504,M,1,100,101,4,5,2011,-1,-1,-1,NA,,+/-,-/-,+/-,LEF1,RANKL,PTHrP
2505,F,1,100,101,4,6,2011,-1,-1,-1,NA,,+/-,-/-,-/-,LEF1,RANKL,PTHrP
2506,F,1,100,101,4,6,2011,-1,-1,-1,NA,,+/-,-/-,-/-,LEF1,RANKL,PTHrP
2507,F,1,100,101,4,6,2011,-1,-1,-1,NA,,+/-,-/-,-/-,LEF1,RANKL,PTHrP
2508,F,1,100,101,4,6,2011,-1,-1,-1,NA,,+/-,-/-,-/-,LEF1,RANKL,PTHrP
2509,F,1,100,101,4,6,2011,-1,-1,-1,NA,,+/-,-/-,-/-,LEF1,RANKL,PTHrP
251,M,2,100,102,2,5,2011,4,29,2011,NA,,+/-,-/-,NA,LEF1,RANKL,PTHrP
300,M,1,100,225,2,25,2011,-1,-1,-1,NA,,-/-,NA,NA,LEF1,RANKL,PTHrP
301,M,1,100,225,2,25,2011,-1,-1,-1,NA,,-/-,NA,NA,LEF1,RANKL,PTHrP
302,M,1,100,225,2,25,2011,-1,-1,-1,NA,,-/-,NA,NA,LEF1,RANKL,PTHrP
303,M,1,100,225,2,25,2011,-1,-1,-1,NA,,-/-,NA,NA,LEF1,RANKL,PTHrP
304,M,1,100,225,2,25,2011,-1,-1,-1,NA,,WT,NA,NA,LEF1,RANKL,PTHrP
305,M,1,100,225,2,25,2011,-1,-1,-1,NA,,WT,NA,NA,LEF1,RANKL,PTHrP
306,M,1,100,225,2,25,2011,-1,-1,-1,NA,,WT,NA,NA,LEF1,RANKL,PTHrP
307,M,1,100,225,2,25,2011,-1,-1,-1,NA,,WT,NA,NA,LEF1,RANKL,PTHrP
308,M,1,100,225,2,25,2011,-1,-1,-1,NA,,WT,NA,NA,LEF1,RANKL,PTHrP
309,M,1,100,225,2,25,2011,-1,-1,-1,NA,,WT,NA,NA,LEF1,RANKL,PTHrP
310,M,1,100,225,2,25,2011,-1,-1,-1,NA,,WT,NA,NA,LEF1,RANKL,PTHrP
311,M,1,100,225,2,25,2011,-1,-1,-1,NA,,WT,NA,NA,LEF1,RANKL,PTHrP
312,M,1,100,225,2,25,2011,-1,-1,-1,NA,,WT,NA,NA,LEF1,RANKL,PTHrP
313,M,1,100,225,2,25,2011,-1,-1,-1,NA,,WT,NA,NA,LEF1,RANKL,PTHrP
314,M,1,100,225,2,25,2011,-1,-1,-1,NA,,WT,NA,NA,LEF1,RANKL,PTHrP
315,M,1,100,225,2,25,2011,-1,-1,-1,NA,,WT,NA,NA,LEF1,RANKL,PTHrP
316,M,1,100,225,2,25,2011,-1,-1,-1,NA,,WT,NA,NA,LEF1,RANKL,PTHrP
317,M,1,100,225,2,25,2011,-1,-1,-1,NA,,WT,NA,NA,LEF1,RANKL,PTHrP
318,M,1,100,225,2,25,2011,-1,-1,-1,NA,,WT,NA,NA,LEF1,RANKL,PTHrP
319,M,1,100,225,2,25,2011,-1,-1,-1,NA,,WT,NA,NA,LEF1,RANKL,PTHrP
320,F,1,100,225,2,25,2011,-1,-1,-1,NA,,+/-,NA,NA,LEF1,RANKL,PTHrP
321,F,1,100,225,2,25,2011,-1,-1,-1,NA,,+/-,NA,NA,LEF1,RANKL,PTHrP
322,F,1,100,225,2,25,2011,-1,-1,-1,NA,,+/-,NA,NA,LEF1,RANKL,PTHrP
323,F,1,100,225,2,25,2011,-1,-1,-1,NA,,+/-,NA,NA,LEF1,RANKL,PTHrP
324,F,1,100,225,2,25,2011,-1,-1,-1,NA,,+/-,NA,NA,LEF1,RANKL,PTHrP
325,F,1,100,225,2,25,2011,-1,-1,-1,NA,,+/-,NA,NA,LEF1,RANKL,PTHrP
326,F,1,100,225,2,25,2011,-1,-1,-1,NA,,+/-,NA,NA,LEF1,RANKL,PTHrP
327,F,1,100,225,2,25,2011,-1,-1,-1,NA,,WT,NA,NA,LEF1,RANKL,PTHrP
328,F,1,100,225,2,25,2011,-1,-1,-1,NA,,WT,NA,NA,LEF1,RANKL,PTHrP
329,F,1,100,225,2,25,2011,-1,-1,-1,NA,,WT,NA,NA,LEF1,RANKL,PTHrP
330,F,1,100,225,2,25,2011,-1,-1,-1,NA,,WT,NA,NA,LEF1,RANKL,PTHrP
331,F,1,100,225,2,25,2011,-1,-1,-1,NA,,WT,NA,NA,LEF1,RANKL,PTHrP
332,F,1,100,225,2,25,2011,-1,-1,-1,NA,,WT,NA,NA,LEF1,RANKL,PTHrP
333,F,1,100,225,2,25,2011,-1,-1,-1,NA,,WT,NA,NA,LEF1,RANKL,PTHrP
334,F,1,100,225,2,25,2011,-1,-1,-1,NA,,WT,NA,NA,LEF1,RANKL,PTHrP
335,F,1,100,225,2,25,2011,-1,-1,-1,NA,,WT,NA,NA,LEF1,RANKL,PTHrP
336,F,1,100,225,2,25,2011,-1,-1,-1,NA,,WT,NA,NA,LEF1,RANKL,PTHrP
337,F,1,100,225,2,25,2011,-1,-1,-1,NA,,WT,NA,NA,LEF1,RANKL,PTHrP
338,F,1,100,225,2,25,2011,-1,-1,-1,NA,,WT,NA,NA,LEF1,RANKL,PTHrP
339,F,2,100,225,2,28,2011,-1,-1,-1,NA,,-/-,-/-,NA,LEF1,RANKL,PTHrP
340,F,2,100,225,2,28,2011,-1,-1,-1,NA,,-/-,-/-,NA,LEF1,RANKL,PTHrP
341,F,2,100,225,2,28,2011,-1,-1,-1,NA,,-/-,-/-,NA,LEF1,RANKL,PTHrP
342,F,2,100,225,2,28,2011,-1,-1,-1,NA,,-/-,+/-,NA,LEF1,RANKL,PTHrP
343,F,2,100,225,2,28,2011,-1,-1,-1,NA,,-/-,+/-,NA,LEF1,RANKL,PTHrP
344,F,2,100,225,2,28,2011,-1,-1,-1,NA,,-/-,+/-,NA,LEF1,RANKL,PTHrP
345,F,2,100,225,2,28,2011,-1,-1,-1,NA,,-/-,+/-,NA,LEF1,RANKL,PTHrP
346,F,2,100,225,2,28,2011,-1,-1,-1,NA,,-/-,+/-,NA,LEF1,RANKL,PTHrP
347,M,2,100,225,2,28,2011,-1,-1,-1,NA,,+/-,-/-,NA,LEF1,RANKL,PTHrP
348,M,2,100,225,2,28,2011,-1,-1,-1,NA,,+/-,-/-,NA,LEF1,RANKL,PTHrP
349,M,2,100,225,2,28,2011,-1,-1,-1,NA,,+/-,-/-,NA,LEF1,RANKL,PTHrP
350,M,2,100,225,2,28,2011,-1,-1,-1,NA,,+/-,-/-,NA,LEF1,RANKL,PTHrP
351,M,2,100,225,2,28,2011,-1,-1,-1,NA,,+/-,-/-,NA,LEF1,RANKL,PTHrP
352,M,2,100,225,2,28,2011,-1,-1,-1,NA,,+/-,-/-,NA,LEF1,RANKL,PTHrP
353,M,2,100,225,2,28,2011,-1,-1,-1,NA,,+/-,-/-,NA,LEF1,RANKL,PTHrP
354,M,2,100,225,2,28,2011,-1,-1,-1,NA,,+/-,-/-,NA,LEF1,RANKL,PTHrP
355,M,2,100,225,2,28,2011,-1,-1,-1,NA,,+/-,-/-,NA,LEF1,RANKL,PTHrP
356,M,2,100,225,2,28,2011,-1,-1,-1,NA,,+/-,-/-,NA,LEF1,RANKL,PTHrP
357,M,2,100,225,2,28,2011,-1,-1,-1,NA,,+/-,-/-,NA,LEF1,RANKL,PTHrP
358,M,2,100,225,2,28,2011,-1,-1,-1,NA,,-/-,WT,NA,LEF1,RANKL,PTHrP
359,M,2,100,225,2,28,2011,-1,-1,-1,NA,,-/-,WT,NA,LEF1,RANKL,PTHrP
360,M,2,100,225,2,28,2011,-1,-1,-1,NA,,-/-,WT,NA,LEF1,RANKL,PTHrP
361,M,2,100,225,2,28,2011,-1,-1,-1,NA,,-/-,WT,NA,LEF1,RANKL,PTHrP
362,M,2,100,225,2,28,2011,-1,-1,-1,NA,,-/-,WT,NA,LEF1,RANKL,PTHrP
363,M,2,100,225,2,28,2011,-1,-1,-1,NA,,-/-,WT,NA,LEF1,RANKL,PTHrP
364,M,2,100,225,2,28,2011,-1,-1,-1,NA,,-/-,WT,NA,LEF1,RANKL,PTHrP
365,F,3,100,225,3,8,2011,-1,-1,-1,NA,,-/-,+/-,NA,LEF1,RANKL,PTHrP
366,F,3,100,225,3,8,2011,-1,-1,-1,NA,,-/-,+/-,NA,LEF1,RANKL,PTHrP
367,F,3,100,225,3,8,2011,-1,-1,-1,NA,,-/-,+/-,NA,LEF1,RANKL,PTHrP
368,F,3,100,225,3,8,2011,-1,-1,-1,NA,,-/-,+/-,NA,LEF1,RANKL,PTHrP
369,F,3,100,225,3,8,2011,-1,-1,-1,NA,,-/-,+/-,NA,LEF1,RANKL,PTHrP
370,F,3,100,225,3,8,2011,-1,-1,-1,NA,,-/-,+/-,NA,LEF1,RANKL,PTHrP
371,F,3,100,225,3,8,2011,-1,-1,-1,NA,,-/-,+/-,NA,LEF1,RANKL,PTHrP
372,M,3,100,225,3,8,2011,-1,-1,-1,NA,,+/-,+/-,NA,LEF1,RANKL,PTHrP
373,M,3,100,225,3,8,2011,-1,-1,-1,NA,,+/-,+/-,NA,LEF1,RANKL,PTHrP
374,M,3,100,225,3,8,2011,-1,-1,-1,NA,,+/-,+/-,NA,LEF1,RANKL,PTHrP
375,M,3,100,225,3,8,2011,-1,-1,-1,NA,,+/-,+/-,NA,LEF1,RANKL,PTHrP
376,M,3,100,225,3,8,2011,-1,-1,-1,NA,,+/-,+/-,NA,LEF1,RANKL,PTHrP
377,M,3,100,225,3,8,2011,-1,-1,-1,NA,,+/-,+/-,NA,LEF1,RANKL,PTHrP
378,M,3,100,225,3,8,2011,-1,-1,-1,NA,,+/-,+/-,NA,LEF1,RANKL,PTHrP
379,M,3,100,225,3,8,2011,-1,-1,-1,NA,,+/-,+/-,NA,LEF1,RANKL,PTHrP
4000,M,1,100,370,4,5,2011,-1,-1,-1,NA,,WT,-/-,WT,LEF1,RANKL,PTHrP
4001,M,1,100,370,4,5,2011,-1,-1,-1,NA,,WT,-/-,WT,LEF1,RANKL,PTHrP
4002,M,1,100,370,4,5,2011,-1,-1,-1,NA,,WT,-/-,WT,LEF1,RANKL,PTHrP
4003,M,1,100,370,4,5,2011,-1,-1,-1,NA,,WT,-/-,WT,LEF1,RANKL,PTHrP
4004,M,1,100,370,4,5,2011,-1,-1,-1,NA,,WT,-/-,WT,LEF1,RANKL,PTHrP
4005,M,1,100,370,4,5,2011,-1,-1,-1,NA,,WT,-/-,WT,LEF1,RANKL,PTHrP
4006,M,1,100,370,4,5,2011,-1,-1,-1,NA,,WT,-/-,WT,LEF1,RANKL,PTHrP
4007,F,1,100,370,4,5,2011,-1,-1,-1,NA,,-/-,-/-,WT,LEF1,RANKL,PTHrP
4008,F,1,100,370,4,5,2011,-1,-1,-1,NA,,-/-,-/-,WT,LEF1,RANKL,PTHrP
4009,F,1,100,370,4,5,2011,-1,-1,-1,NA,,-/-,-/-,WT,LEF1,RANKL,PTHrP
4010,F,1,100,370,4,5,2011,-1,-1,-1,NA,,-/-,-/-,WT,LEF1,RANKL,PTHrP
4011,F,1,100,370,4,5,2011,-1,-1,-1,NA,,-/-,-/-,WT,LEF1,RANKL,PTHrP
4012,F,1,100,370,4,5,2011,-1,-1,-1,NA,,-/-,-/-,WT,LEF1,RANKL,PTHrP
4013,F,1,100,370,4,5,2011,-1,-1,-1,NA,,-/-,-/-,WT,LEF1,RANKL,PTHrP
4014,F,1,100,370,4,5,2011,-1,-1,-1,NA,,-/-,-/-,WT,LEF1,RANKL,PTHrP
4015,F,1,100,370,4,5,2011,-1,-1,-1,NA,,-/-,-/-,WT,LEF1,RANKL,PTHrP
4016,F,1,100,370,4,5,2011,-1,-1,-1,NA,,-/-,-/-,WT,LEF1,RANKL,PTHrP
4017,F,1,100,370,4,5,2011,-1,-1,-1,NA,,-/-,-/-,WT,LEF1,RANKL,PTHrP
4018,F,1,100,370,4,5,2011,-1,-1,-1,NA,,-/-,-/-,WT,LEF1,RANKL,PTHrP
4019,M,1,100,370,4,5,2011,-1,-1,-1,NA,,-/-,+/-,WT,LEF1,RANKL,PTHrP
4020,M,1,100,370,4,5,2011,-1,-1,-1,NA,,-/-,+/-,WT,LEF1,RANKL,PTHrP
4021,M,1,100,370,4,5,2011,-1,-1,-1,NA,,-/-,+/-,WT,LEF1,RANKL,PTHrP
4022,M,1,100,370,4,5,2011,-1,-1,-1,NA,,-/-,+/-,WT,LEF1,RANKL,PTHrP
4023,M,1,100,370,4,5,2011,-1,-1,-1,NA,,-/-,+/-,WT,LEF1,RANKL,PTHrP
4024,M,1,100,370,4,5,2011,-1,-1,-1,NA,,-/-,+/-,WT,LEF1,RANKL,PTHrP
4025,M,1,100,370,4,5,2011,-1,-1,-1,NA,,-/-,+/-,WT,LEF1,RANKL,PTHrP
4026,M,1,100,370,4,5,2011,-1,-1,-1,NA,,-/-,+/-,WT,LEF1,RANKL,PTHrP
4027,M,1,100,370,4,5,2011,-1,-1,-1,NA,,-/-,+/-,WT,LEF1,RANKL,PTHrP
4028,M,1,100,370,4,5,2011,-1,-1,-1,NA,,-/-,+/-,WT,LEF1,RANKL,PTHrP
4029,M,1,100,370,4,5,2011,-1,-1,-1,NA,,-/-,+/-,WT,LEF1,RANKL,PTHrP
4030,M,1,100,370,4,5,2011,-1,-1,-1,NA,,-/-,+/-,WT,LEF1,RANKL,PTHrP
4031,M,1,100,370,4,5,2011,-1,-1,-1,NA,,-/-,+/-,WT,LEF1,RANKL,PTHrP
4032,M,1,100,370,4,5,2011,-1,-1,-1,NA,,-/-,+/-,WT,LEF1,RANKL,PTHrP
4033,M,1,100,370,4,5,2011,-1,-1,-1,NA,,-/-,+/-,WT,LEF1,RANKL,PTHrP
4034,M,1,100,370,4,5,2011,-1,-1,-1,NA,,-/-,+/-,-/-,LEF1,RANKL,PTHrP
4035,M,1,100,370,4,5,2011,-1,-1,-1,NA,,-/-,+/-,-/-,LEF1,RANKL,PTHrP
4036,M,1,100,370,4,5,2011,-1,-1,-1,NA,,-/-,+/-,-/-,LEF1,RANKL,PTHrP
4037,M,1,100,370,4,5,2011,-1,-1,-1,NA,,-/-,+/-,-/-,LEF1,RANKL,PTHrP
4038,M,1,100,370,4,5,2011,-1,-1,-1,NA,,-/-,+/-,-/-,LEF1,RANKL,PTHrP
4039,M,1,100,370,4,5,2011,-1,-1,-1,NA,,-/-,+/-,-/-,LEF1,RANKL,PTHrP
4040,F,1,100,370,4,5,2011,-1,-1,-1,NA,,-/-,WT,NA,LEF1,RANKL,PTHrP
4041,F,1,100,370,4,5,2011,-1,-1,-1,NA,,-/-,WT,NA,LEF1,RANKL,PTHrP
4042,F,1,100,370,4,5,2011,-1,-1,-1,NA,,-/-,WT,NA,LEF1,RANKL,PTHrP
4043,F,1,100,370,4,5,2011,-1,-1,-1,NA,,-/-,WT,NA,LEF1,RANKL,PTHrP
4044,F,1,100,370,4,5,2011,-1,-1,-1,NA,,-/-,WT,NA,LEF1,RANKL,PTHrP
4045,F,1,100,370,4,5,2011,-1,-1,-1,NA,,-/-,WT,NA,LEF1,RANKL,PTHrP
4046,F,1,100,370,4,5,2011,-1,-1,-1,NA,,-/-,WT,NA,LEF1,RANKL,PTHrP
4047,F,1,100,370,4,5,2011,-1,-1,-1,NA,,-/-,WT,NA,LEF1,RANKL,PTHrP
4048,F,1,100,370,4,5,2011,-1,-1,-1,NA,,-/-,WT,NA,LEF1,RANKL,PTHrP
4049,F,1,100,370,4,5,2011,-1,-1,-1,NA,,-/-,WT,NA,LEF1,RANKL,PTHrP
4050,F,1,100,370,4,5,2011,-1,-1,-1,NA,,-/-,WT,NA,LEF1,RANKL,PTHrP
4051,F,1,100,370,4,5,2011,-1,-1,-1,NA,,-/-,WT,NA,LEF1,RANKL,PTHrP
4052,F,1,100,370,4,5,2011,-1,-1,-1,NA,,-/-,WT,NA,LEF1,RANKL,PTHrP
4053,F,1,100,370,4,5,2011,-1,-1,-1,NA,,-/-,WT,NA,LEF1,RANKL,PTHrP
4054,F,1,100,370,4,5,2011,-1,-1,-1,NA,,-/-,WT,NA,LEF1,RANKL,PTHrP
4055,F,1,100,370,4,5,2011,-1,-1,-1,NA,,-/-,WT,NA,LEF1,RANKL,PTHrP
4056,F,1,100,370,4,5,2011,-1,-1,-1,NA,,-/-,WT,NA,LEF1,RANKL,PTHrP
4057,F,1,100,370,4,5,2011,-1,-1,-1,NA,,-/-,WT,NA,LEF1,RANKL,PTHrP
4058,F,1,100,370,4,5,2011,-1,-1,-1,NA,,-/-,WT,NA,LEF1,RANKL,PTHrP
4059,F,1,100,370,4,5,2011,-1,-1,-1,NA,,-/-,WT,NA,LEF1,RANKL,PTHrP
4060,NA,1,100,370,4,5,2011,-1,-1,-1,NA,,-/-,-/-,NA,LEF1,RANKL,PTHrP
4061,NA,1,100,370,4,5,2011,-1,-1,-1,NA,,-/-,-/-,NA,LEF1,RANKL,PTHrP
4062,NA,1,100,370,4,5,2011,-1,-1,-1,NA,,-/-,-/-,NA,LEF1,RANKL,PTHrP
4063,NA,1,100,370,4,5,2011,-1,-1,-1,NA,,-/-,-/-,NA,LEF1,RANKL,PTHrP
4064,NA,1,100,370,4,5,2011,-1,-1,-1,NA,,-/-,-/-,NA,LEF1,RANKL,PTHrP
4065,NA,1,100,370,4,5,2011,-1,-1,-1,NA,,-/-,-/-,NA,LEF1,RANKL,PTHrP
4066,NA,1,100,370,4,5,2011,-1,-1,-1,NA,,-/-,-/-,NA,LEF1,RANKL,PTHrP
4067,NA,1,100,370,4,5,2011,-1,-1,-1,NA,,-/-,-/-,NA,LEF1,RANKL,PTHrP
4068,NA,1,100,370,4,5,2011,-1,-1,-1,NA,,-/-,-/-,NA,LEF1,RANKL,PTHrP
4069,NA,1,100,370,4,5,2011,-1,-1,-1,NA,,-/-,-/-,NA,LEF1,RANKL,PTHrP
4070,NA,2,100,370,4,21,2011,-1,-1,-1,NA,,+/-,-/-,-/-,LEF1,RANKL,PTHrP
4071,NA,2,100,370,4,21,2011,-1,-1,-1,NA,,+/-,-/-,-/-,LEF1,RANKL,PTHrP
4072,NA,2,100,370,4,21,2011,-1,-1,-1,NA,,+/-,-/-,-/-,LEF1,RANKL,PTHrP
4073,NA,2,100,370,4,21,2011,-1,-1,-1,NA,,+/-,-/-,-/-,LEF1,RANKL,PTHrP
4074,NA,2,100,370,4,21,2011,-1,-1,-1,NA,,+/-,-/-,-/-,LEF1,RANKL,PTHrP
4075,NA,2,100,370,4,21,2011,-1,-1,-1,NA,,+/-,-/-,-/-,LEF1,RANKL,PTHrP
4076,NA,2,100,370,4,21,2011,-1,-1,-1,NA,,+/-,-/-,-/-,LEF1,RANKL,PTHrP
4077,NA,2,100,370,4,21,2011,-1,-1,-1,NA,,+/-,-/-,-/-,LEF1,RANKL,PTHrP
4078,NA,2,100,370,4,21,2011,-1,-1,-1,NA,,+/-,-/-,-/-,LEF1,RANKL,PTHrP
4079,NA,2,100,370,4,21,2011,-1,-1,-1,NA,,+/-,-/-,-/-,LEF1,RANKL,PTHrP
4080,NA,2,100,370,4,21,2011,-1,-1,-1,NA,,+/-,-/-,-/-,LEF1,RANKL,PTHrP
4081,NA,2,100,370,4,21,2011,-1,-1,-1,NA,,+/-,-/-,-/-,LEF1,RANKL,PTHrP
4082,NA,2,100,370,4,21,2011,-1,-1,-1,NA,,+/-,-/-,-/-,LEF1,RANKL,PTHrP
4083,NA,2,100,370,4,21,2011,-1,-1,-1,NA,,+/-,-/-,-/-,LEF1,RANKL,PTHrP
4084,NA,2,100,370,4,21,2011,-1,-1,-1,NA,,+/-,-/-,-/-,LEF1,RANKL,PTHrP
4085,NA,2,100,370,4,21,2011,-1,-1,-1,NA,,+/-,-/-,-/-,LEF1,RANKL,PTHrP
4086,NA,2,100,370,4,21,2011,-1,-1,-1,NA,,+/-,-/-,-/-,LEF1,RANKL,PTHrP
4087,NA,2,100,370,4,21,2011,-1,-1,-1,NA,,+/-,-/-,-/-,LEF1,RANKL,PTHrP
4088,NA,2,100,370,4,21,2011,-1,-1,-1,NA,,+/-,-/-,-/-,LEF1,RANKL,PTHrP
4089,NA,2,100,370,4,21,2011,-1,-1,-1,NA,,+/-,-/-,-/-,LEF1,RANKL,PTHrP
4090,F,2,100,370,4,21,2011,-1,-1,-1,NA,,+/-,-/-,+/-,LEF1,RANKL,PTHrP
4091,F,2,100,370,4,21,2011,-1,-1,-1,NA,,+/-,-/-,+/-,LEF1,RANKL,PTHrP
4092,F,2,100,370,4,21,2011,-1,-1,-1,NA,,+/-,-/-,+/-,LEF1,RANKL,PTHrP
4093,F,2,100,370,4,21,2011,-1,-1,-1,NA,,+/-,-/-,+/-,LEF1,RANKL,PTHrP
4094,F,2,100,370,4,21,2011,-1,-1,-1,NA,,+/-,-/-,+/-,LEF1,RANKL,PTHrP
4095,F,2,100,370,4,21,2011,-1,-1,-1,NA,,+/-,-/-,+/-,LEF1,RANKL,PTHrP
4096,F,2,100,370,4,21,2011,-1,-1,-1,NA,,+/-,-/-,+/-,LEF1,RANKL,PTHrP
4097,F,2,100,370,4,21,2011,-1,-1,-1,NA,,+/-,-/-,+/-,LEF1,RANKL,PTHrP
4098,F,2,100,370,4,21,2011,-1,-1,-1,NA,,+/-,-/-,+/-,LEF1,RANKL,PTHrP
4099,F,2,100,370,4,21,2011,-1,-1,-1,NA,,+/-,-/-,+/-,LEF1,RANKL,PTHrP
4100,F,2,100,370,4,21,2011,-1,-1,-1,NA,,+/-,-/-,+/-,LEF1,RANKL,PTHrP
4101,F,2,100,370,4,21,2011,-1,-1,-1,NA,,+/-,-/-,+/-,LEF1,RANKL,PTHrP
4102,F,2,100,370,4,21,2011,-1,-1,-1,NA,,+/-,-/-,+/-,LEF1,RANKL,PTHrP
4103,F,2,100,370,4,21,2011,-1,-1,-1,NA,,+/-,-/-,+/-,LEF1,RANKL,PTHrP
4104,F,2,100,370,4,21,2011,-1,-1,-1,NA,,+/-,-/-,+/-,LEF1,RANKL,PTHrP
4105,F,2,100,370,4,21,2011,-1,-1,-1,NA,,+/-,-/-,+/-,LEF1,RANKL,PTHrP
4106,F,2,100,370,4,21,2011,-1,-1,-1,NA,,+/-,-/-,+/-,LEF1,RANKL,PTHrP
4107,F,2,100,370,4,21,2011,-1,-1,-1,NA,,+/-,-/-,+/-,LEF1,RANKL,PTHrP
4108,F,2,100,370,4,21,2011,-1,-1,-1,NA,,+/-,-/-,+/-,LEF1,RANKL,PTHrP
4109,F,2,100,370,4,21,2011,-1,-1,-1,NA,,+/-,-/-,+/-,LEF1,RANKL,PTHrP
4110,M,2,100,370,4,21,2011,-1,-1,-1,NA,,WT,-/-,WT,LEF1,RANKL,PTHrP
4111,M,2,100,370,4,21,2011,-1,-1,-1,NA,,WT,-/-,WT,LEF1,RANKL,PTHrP
4112,M,2,100,370,4,21,2011,-1,-1,-1,NA,,WT,-/-,WT,LEF1,RANKL,PTHrP
4113,M,2,100,370,4,21,2011,-1,-1,-1,NA,,WT,-/-,WT,LEF1,RANKL,PTHrP
4114,M,2,100,370,4,21,2011,-1,-1,-1,NA,,WT,-/-,WT,LEF1,RANKL,PTHrP
4115,M,2,100,370,4,21,2011,-1,-1,-1,NA,,WT,-/-,WT,LEF1,RANKL,PTHrP
4116,M,2,100,370,4,21,2011,-1,-1,-1,NA,,WT,-/-,WT,LEF1,RANKL,PTHrP
4117,M,2,100,370,4,21,2011,-1,-1,-1,NA,,WT,-/-,WT,LEF1,RANKL,PTHrP
4118,M,2,100,370,4,21,2011,-1,-1,-1,NA,,WT,-/-,WT,LEF1,RANKL,PTHrP
4119,M,2,100,370,4,21,2011,-1,-1,-1,NA,,WT,-/-,WT,LEF1,RANKL,PTHrP
4120,M,2,100,370,4,21,2011,-1,-1,-1,NA,,WT,-/-,WT,LEF1,RANKL,PTHrP
4121,M,2,100,370,4,21,2011,-1,-1,-1,NA,,WT,-/-,WT,LEF1,RANKL,PTHrP
4122,M,2,100,370,4,21,2011,-1,-1,-1,NA,,WT,-/-,WT,LEF1,RANKL,PTHrP
4123,M,2,100,370,4,21,2011,-1,-1,-1,NA,,WT,-/-,WT,LEF1,RANKL,PTHrP
4124,M,2,100,370,4,21,2011,-1,-1,-1,NA,,WT,-/-,WT,LEF1,RANKL,PTHrP
4125,M,2,100,370,4,21,2011,-1,-1,-1,NA,,WT,-/-,WT,LEF1,RANKL,PTHrP
4126,M,2,100,370,4,21,2011,-1,-1,-1,NA,,WT,-/-,WT,LEF1,RANKL,PTHrP
4127,M,2,100,370,4,21,2011,-1,-1,-1,NA,,WT,-/-,WT,LEF1,RANKL,PTHrP
4128,M,2,100,370,4,21,2011,-1,-1,-1,NA,,WT,-/-,WT,LEF1,RANKL,PTHrP
4129,M,2,100,370,4,21,2011,-1,-1,-1,NA,,WT,-/-,WT,LEF1,RANKL,PTHrP
4130,M,2,100,370,4,21,2011,-1,-1,-1,NA,,WT,-/-,WT,LEF1,RANKL,PTHrP
4131,M,2,100,370,4,21,2011,-1,-1,-1,NA,,WT,-/-,WT,LEF1,RANKL,PTHrP
4132,M,2,100,370,4,21,2011,-1,-1,-1,NA,,WT,-/-,WT,LEF1,RANKL,PTHrP
4133,M,2,100,370,4,21,2011,-1,-1,-1,NA,,WT,-/-,WT,LEF1,RANKL,PTHrP
4134,M,2,100,370,4,21,2011,-1,-1,-1,NA,,WT,-/-,WT,LEF1,RANKL,PTHrP
4135,M,2,100,370,4,21,2011,-1,-1,-1,NA,,WT,-/-,WT,LEF1,RANKL,PTHrP
4136,M,2,100,370,4,21,2011,-1,-1,-1,NA,,WT,-/-,WT,LEF1,RANKL,PTHrP
4137,M,2,100,370,4,21,2011,-1,-1,-1,NA,,WT,-/-,WT,LEF1,RANKL,PTHrP
4138,M,2,100,370,4,21,2011,-1,-1,-1,NA,,WT,-/-,WT,LEF1,RANKL,PTHrP
4139,M,2,100,370,4,21,2011,-1,-1,-1,NA,,WT,-/-,WT,LEF1,RANKL,PTHrP
4140,F,3,100,370,4,7,2011,-1,-1,-1,NA,,NA,-/-,-/-,LEF1,RANKL,PTHrP
4141,F,3,100,370,4,7,2011,-1,-1,-1,NA,,NA,-/-,-/-,LEF1,RANKL,PTHrP
4142,F,3,100,370,4,7,2011,-1,-1,-1,NA,,NA,-/-,-/-,LEF1,RANKL,PTHrP
4143,F,3,100,370,4,7,2011,-1,-1,-1,NA,,NA,-/-,-/-,LEF1,RANKL,PTHrP
4144,F,3,100,370,4,7,2011,-1,-1,-1,NA,,NA,-/-,-/-,LEF1,RANKL,PTHrP
4145,F,3,100,370,4,7,2011,-1,-1,-1,NA,,NA,-/-,-/-,LEF1,RANKL,PTHrP
4146,F,3,100,370,4,7,2011,-1,-1,-1,NA,,NA,-/-,-/-,LEF1,RANKL,PTHrP
4147,F,3,100,370,4,7,2011,-1,-1,-1,NA,,NA,-/-,-/-,LEF1,RANKL,PTHrP
4148,F,3,100,370,4,7,2011,-1,-1,-1,NA,,NA,-/-,-/-,LEF1,RANKL,PTHrP
4149,F,3,100,370,4,7,2011,-1,-1,-1,NA,,NA,-/-,-/-,LEF1,RANKL,PTHrP
4150,F,3,100,370,4,7,2011,-1,-1,-1,NA,,NA,-/-,-/-,LEF1,RANKL,PTHrP
4151,F,3,100,370,4,7,2011,-1,-1,-1,NA,,NA,-/-,-/-,LEF1,RANKL,PTHrP
4152,F,3,100,370,4,7,2011,-1,-1,-1,NA,,NA,-/-,-/-,LEF1,RANKL,PTHrP
4153,F,3,100,370,4,7,2011,-1,-1,-1,NA,,NA,-/-,-/-,LEF1,RANKL,PTHrP
4154,F,3,100,370,4,7,2011,-1,-1,-1,NA,,NA,-/-,-/-,LEF1,RANKL,PTHrP
4155,F,3,100,370,4,7,2011,-1,-1,-1,NA,,NA,-/-,-/-,LEF1,RANKL,PTHrP
4156,F,3,100,370,4,7,2011,-1,-1,-1,NA,,NA,-/-,-/-,LEF1,RANKL,PTHrP
4157,F,3,100,370,4,7,2011,-1,-1,-1,NA,,NA,-/-,-/-,LEF1,RANKL,PTHrP
4158,F,3,100,370,4,7,2011,-1,-1,-1,NA,,NA,-/-,-/-,LEF1,RANKL,PTHrP
4159,F,3,100,370,4,7,2011,-1,-1,-1,NA,,NA,-/-,-/-,LEF1,RANKL,PTHrP
4160,M,3,100,370,4,7,2011,-1,-1,-1,NA,,WT,NA,NA,LEF1,RANKL,PTHrP
4161,M,3,100,370,4,7,2011,-1,-1,-1,NA,,WT,NA,NA,LEF1,RANKL,PTHrP
4162,M,3,100,370,4,7,2011,-1,-1,-1,NA,,WT,NA,NA,LEF1,RANKL,PTHrP
4163,M,3,100,370,4,7,2011,-1,-1,-1,NA,,WT,NA,NA,LEF1,RANKL,PTHrP
4164,M,3,100,370,4,7,2011,-1,-1,-1,NA,,WT,NA,NA,LEF1,RANKL,PTHrP
4165,M,3,100,370,4,7,2011,-1,-1,-1,NA,,WT,NA,NA,LEF1,RANKL,PTHrP
4166,M,3,100,370,4,7,2011,-1,-1,-1,NA,,WT,NA,NA,LEF1,RANKL,PTHrP
4167,M,3,100,370,4,7,2011,-1,-1,-1,NA,,WT,NA,NA,LEF1,RANKL,PTHrP
4168,M,3,100,370,4,7,2011,-1,-1,-1,NA,,WT,NA,NA,LEF1,RANKL,PTHrP
4169,M,3,100,370,4,7,2011,-1,-1,-1,NA,,WT,NA,NA,LEF1,RANKL,PTHrP
4170,M,3,100,370,4,7,2011,-1,-1,-1,NA,,WT,NA,NA,LEF1,RANKL,PTHrP
4171,M,3,100,370,4,7,2011,-1,-1,-1,NA,,WT,NA,NA,LEF1,RANKL,PTHrP
4172,M,3,100,370,4,7,2011,-1,-1,-1,NA,,WT,NA,NA,LEF1,RANKL,PTHrP
4173,M,3,100,370,4,7,2011,-1,-1,-1,NA,,WT,NA,NA,LEF1,RANKL,PTHrP
4174,M,3,100,370,4,7,2011,-1,-1,-1,NA,,WT,NA,NA,LEF1,RANKL,PTHrP
4175,M,3,100,370,4,7,2011,-1,-1,-1,NA,,WT,NA,NA,LEF1,RANKL,PTHrP
4176,M,3,100,370,4,7,2011,-1,-1,-1,NA,,WT,NA,NA,LEF1,RANKL,PTHrP
4177,M,3,100,370,4,7,2011,-1,-1,-1,NA,,WT,NA,NA,LEF1,RANKL,PTHrP
4178,M,3,100,370,4,7,2011,-1,-1,-1,NA,,WT,NA,NA,LEF1,RANKL,PTHrP
4179,M,3,100,370,4,7,2011,-1,-1,-1,NA,,WT,NA,NA,LEF1,RANKL,PTHrP
4180,M,3,100,370,4,7,2011,-1,-1,-1,NA,,-/-,WT,NA,LEF1,RANKL,PTHrP
4181,M,3,100,370,4,7,2011,-1,-1,-1,NA,,-/-,WT,NA,LEF1,RANKL,PTHrP
4182,M,3,100,370,4,7,2011,-1,-1,-1,NA,,-/-,WT,NA,LEF1,RANKL,PTHrP
4183,M,3,100,370,4,7,2011,-1,-1,-1,NA,,-/-,WT,NA,LEF1,RANKL,PTHrP
4184,M,3,100,370,4,7,2011,-1,-1,-1,NA,,-/-,WT,NA,LEF1,RANKL,PTHrP
4185,M,3,100,370,4,7,2011,-1,-1,-1,NA,,-/-,WT,NA,LEF1,RANKL,PTHrP
4186,M,3,100,370,4,7,2011,-1,-1,-1,NA,,-/-,WT,NA,LEF1,RANKL,PTHrP
4187,M,3,100,370,4,7,2011,-1,-1,-1,NA,,-/-,WT,NA,LEF1,RANKL,PTHrP
4188,M,3,100,370,4,7,2011,-1,-1,-1,NA,,-/-,WT,NA,LEF1,RANKL,PTHrP
4189,M,3,100,370,4,7,2011,-1,-1,-1,NA,,-/-,WT,NA,LEF1,RANKL,PTHrP
4190,M,3,100,370,4,7,2011,-1,-1,-1,NA,,-/-,WT,NA,LEF1,RANKL,PTHrP
4191,M,3,100,370,4,7,2011,-1,-1,-1,NA,,-/-,WT,NA,LEF1,RANKL,PTHrP
4192,M,3,100,370,4,7,2011,-1,-1,-1,NA,,-/-,WT,NA,LEF1,RANKL,PTHrP
4193,M,3,100,370,4,7,2011,-1,-1,-1,NA,,-/-,WT,NA,LEF1,RANKL,PTHrP
4194,M,3,100,370,4,7,2011,-1,-1,-1,NA,,-/-,WT,NA,LEF1,RANKL,PTHrP
4195,M,3,100,370,4,7,2011,-1,-1,-1,NA,,-/-,WT,NA,LEF1,RANKL,PTHrP
4196,M,3,100,370,4,7,2011,-1,-1,-1,NA,,-/-,WT,NA,LEF1,RANKL,PTHrP
4197,M,3,100,370,4,7,2011,-1,-1,-1,NA,,-/-,WT,NA,LEF1,RANKL,PTHrP
4198,M,3,100,370,4,7,2011,-1,-1,-1,NA,,-/-,WT,NA,LEF1,RANKL,PTHrP
4199,M,3,100,370,4,7,2011,-1,-1,-1,NA,,-/-,WT,NA,LEF1,RANKL,PTHrP
4200,F,4,100,370,5,5,2011,-1,-1,-1,NA,,-/-,NA,WT,LEF1,RANKL,PTHrP
4201,F,4,100,370,5,5,2011,-1,-1,-1,NA,,-/-,NA,WT,LEF1,RANKL,PTHrP
4202,F,4,100,370,5,5,2011,-1,-1,-1,NA,,-/-,NA,WT,LEF1,RANKL,PTHrP
4203,F,4,100,370,5,5,2011,-1,-1,-1,NA,,-/-,NA,WT,LEF1,RANKL,PTHrP
4204,F,4,100,370,5,5,2011,-1,-1,-1,NA,,-/-,NA,WT,LEF1,RANKL,PTHrP
4205,F,4,100,370,5,5,2011,-1,-1,-1,NA,,-/-,NA,WT,LEF1,RANKL,PTHrP
4206,F,4,100,370,5,5,2011,-1,-1,-1,NA,,-/-,NA,WT,LEF1,RANKL,PTHrP
4207,F,4,100,370,5,5,2011,-1,-1,-1,NA,,-/-,NA,WT,LEF1,RANKL,PTHrP
4208,F,4,100,370,5,5,2011,-1,-1,-1,NA,,-/-,NA,WT,LEF1,RANKL,PTHrP
4209,F,4,100,370,5,5,2011,-1,-1,-1,NA,,-/-,NA,WT,LEF1,RANKL,PTHrP
4210,F,4,100,370,5,5,2011,-1,-1,-1,NA,,-/-,NA,WT,LEF1,RANKL,PTHrP
4211,F,4,100,370,5,5,2011,-1,-1,-1,NA,,-/-,NA,WT,LEF1,RANKL,PTHrP
4212,F,4,100,370,5,5,2011,-1,-1,-1,NA,,-/-,NA,WT,LEF1,RANKL,PTHrP
4213,F,4,100,370,5,5,2011,-1,-1,-1,NA,,-/-,NA,WT,LEF1,RANKL,PTHrP
4214,F,4,100,370,5,5,2011,-1,-1,-1,NA,,-/-,NA,WT,LEF1,RANKL,PTHrP
4215,F,4,100,370,5,5,2011,-1,-1,-1,NA,,-/-,NA,WT,LEF1,RANKL,PTHrP
4216,F,4,100,370,5,5,2011,-1,-1,-1,NA,,-/-,NA,WT,LEF1,RANKL,PTHrP
4217,F,4,100,370,5,5,2011,-1,-1,-1,NA,,-/-,NA,WT,LEF1,RANKL,PTHrP
4218,F,4,100,370,5,5,2011,-1,-1,-1,NA,,-/-,NA,WT,LEF1,RANKL,PTHrP
4219,F,4,100,370,5,5,2011,-1,-1,-1,NA,,-/-,NA,WT,LEF1,RANKL,PTHrP
4220,F,4,100,370,5,5,2011,-1,-1,-1,NA,,-/-,NA,WT,LEF1,RANKL,PTHrP
4221,F,4,100,370,5,5,2011,-1,-1,-1,NA,,-/-,NA,WT,LEF1,RANKL,PTHrP
4222,F,4,100,370,5,5,2011,-1,-1,-1,NA,,-/-,NA,WT,LEF1,RANKL,PTHrP
4223,F,4,100,370,5,5,2011,-1,-1,-1,NA,,-/-,NA,WT,LEF1,RANKL,PTHrP
4224,F,4,100,370,5,5,2011,-1,-1,-1,NA,,-/-,NA,WT,LEF1,RANKL,PTHrP
4225,F,4,100,370,5,5,2011,-1,-1,-1,NA,,-/-,NA,WT,LEF1,RANKL,PTHrP
4226,F,4,100,370,5,5,2011,-1,-1,-1,NA,,-/-,NA,WT,LEF1,RANKL,PTHrP
4227,F,4,100,370,5,5,2011,-1,-1,-1,NA,,-/-,NA,WT,LEF1,RANKL,PTHrP
4228,F,4,100,370,5,5,2011,-1,-1,-1,NA,,-/-,NA,WT,LEF1,RANKL,PTHrP
4229,F,4,100,370,5,5,2011,-1,-1,-1,NA,,-/-,NA,WT,LEF1,RANKL,PTHrP
4230,M,4,100,370,5,5,2011,-1,-1,-1,NA,,WT,NA,WT,LEF1,RANKL,PTHrP
4231,M,4,100,370,5,5,2011,-1,-1,-1,NA,,WT,NA,WT,LEF1,RANKL,PTHrP
4232,M,4,100,370,5,5,2011,-1,-1,-1,NA,,WT,NA,WT,LEF1,RANKL,PTHrP
4233,M,4,100,370,5,5,2011,-1,-1,-1,NA,,WT,NA,WT,LEF1,RANKL,PTHrP
4234,M,4,100,370,5,5,2011,-1,-1,-1,NA,,WT,NA,WT,LEF1,RANKL,PTHrP
4235,M,4,100,370,5,5,2011,-1,-1,-1,NA,,WT,NA,WT,LEF1,RANKL,PTHrP
4236,M,4,100,370,5,5,2011,-1,-1,-1,NA,,WT,NA,WT,LEF1,RANKL,PTHrP
4237,M,4,100,370,5,5,2011,-1,-1,-1,NA,,WT,NA,WT,LEF1,RANKL,PTHrP
4238,M,4,100,370,5,5,2011,-1,-1,-1,NA,,WT,NA,WT,LEF1,RANKL,PTHrP
4239,M,4,100,370,5,5,2011,-1,-1,-1,NA,,WT,NA,WT,LEF1,RANKL,PTHrP
4240,M,4,100,370,5,5,2011,-1,-1,-1,NA,,WT,NA,WT,LEF1,RANKL,PTHrP
4241,M,4,100,370,5,5,2011,-1,-1,-1,NA,,WT,NA,WT,LEF1,RANKL,PTHrP
4242,M,4,100,370,5,5,2011,-1,-1,-1,NA,,WT,NA,WT,LEF1,RANKL,PTHrP
4243,M,4,100,370,5,5,2011,-1,-1,-1,NA,,WT,NA,WT,LEF1,RANKL,PTHrP
4244,M,4,100,370,5,5,2011,-1,-1,-1,NA,,WT,NA,WT,LEF1,RANKL,PTHrP
4245,M,4,100,370,5,5,2011,-1,-1,-1,NA,,WT,NA,WT,LEF1,RANKL,PTHrP
4246,M,4,100,370,5,5,2011,-1,-1,-1,NA,,WT,NA,WT,LEF1,RANKL,PTHrP
4247,M,4,100,370,5,5,2011,-1,-1,-1,NA,,WT,NA,WT,LEF1,RANKL,PTHrP
4248,M,4,100,370,5,5,2011,-1,-1,-1,NA,,WT,NA,WT,LEF1,RANKL,PTHrP
4249,M,4,100,370,5,5,2011,-1,-1,-1,NA,,WT,NA,WT,LEF1,RANKL,PTHrP
4250,M,4,100,370,5,5,2011,-1,-1,-1,NA,,WT,NA,WT,LEF1,RANKL,PTHrP
4251,M,4,100,370,5,5,2011,-1,-1,-1,NA,,WT,NA,WT,LEF1,RANKL,PTHrP
4252,M,4,100,370,5,5,2011,-1,-1,-1,NA,,WT,NA,WT,LEF1,RANKL,PTHrP
4253,M,4,100,370,5,5,2011,-1,-1,-1,NA,,WT,NA,WT,LEF1,RANKL,PTHrP
4254,M,4,100,370,5,5,2011,-1,-1,-1,NA,,WT,NA,WT,LEF1,RANKL,PTHrP
4255,M,4,100,370,5,5,2011,-1,-1,-1,NA,,WT,NA,WT,LEF1,RANKL,PTHrP
4256,M,4,100,370,5,5,2011,-1,-1,-1,NA,,WT,NA,WT,LEF1,RANKL,PTHrP
4257,M,4,100,370,5,5,2011,-1,-1,-1,NA,,WT,NA,WT,LEF1,RANKL,PTHrP
4258,M,4,100,370,5,5,2011,-1,-1,-1,NA,,WT,NA,WT,LEF1,RANKL,PTHrP
4259,M,4,100,370,5,5,2011,-1,-1,-1,NA,,WT,NA,WT,LEF1,RANKL,PTHrP
4260,F,4,100,370,5,5,2011,-1,-1,-1,NA,,WT,NA,WT,LEF1,RANKL,PTHrP
4261,F,4,100,370,5,5,2011,-1,-1,-1,NA,,WT,NA,WT,LEF1,RANKL,PTHrP
4262,F,4,100,370,5,5,2011,-1,-1,-1,NA,,WT,NA,WT,LEF1,RANKL,PTHrP
4263,F,4,100,370,5,5,2011,-1,-1,-1,NA,,WT,NA,WT,LEF1,RANKL,PTHrP
4264,F,4,100,370,5,5,2011,-1,-1,-1,NA,,WT,NA,WT,LEF1,RANKL,PTHrP
4265,F,4,100,370,5,5,2011,-1,-1,-1,NA,,WT,NA,WT,LEF1,RANKL,PTHrP
4266,F,4,100,370,5,5,2011,-1,-1,-1,NA,,WT,NA,WT,LEF1,RANKL,PTHrP
4267,F,4,100,370,5,5,2011,-1,-1,-1,NA,,WT,NA,WT,LEF1,RANKL,PTHrP
4268,F,4,100,370,5,5,2011,-1,-1,-1,NA,,WT,NA,WT,LEF1,RANKL,PTHrP
4269,F,4,100,370,5,5,2011,-1,-1,-1,NA,,WT,NA,WT,LEF1,RANKL,PTHrP
4270,F,4,100,370,5,5,2011,-1,-1,-1,NA,,WT,NA,WT,LEF1,RANKL,PTHrP
4271,F,4,100,370,5,5,2011,-1,-1,-1,NA,,WT,NA,WT,LEF1,RANKL,PTHrP
4272,F,4,100,370,5,5,2011,-1,-1,-1,NA,,WT,NA,WT,LEF1,RANKL,PTHrP
4273,F,4,100,370,5,5,2011,-1,-1,-1,NA,,WT,NA,WT,LEF1,RANKL,PTHrP
4274,F,4,100,370,5,5,2011,-1,-1,-1,NA,,WT,NA,WT,LEF1,RANKL,PTHrP
4275,F,4,100,370,5,5,2011,-1,-1,-1,NA,,WT,NA,WT,LEF1,RANKL,PTHrP
4276,F,4,100,370,5,5,2011,-1,-1,-1,NA,,WT,NA,WT,LEF1,RANKL,PTHrP
4277,F,4,100,370,5,5,2011,-1,-1,-1,NA,,WT,NA,WT,LEF1,RANKL,PTHrP
4278,F,4,100,370,5,5,2011,-1,-1,-1,NA,,WT,NA,WT,LEF1,RANKL,PTHrP
4279,F,4,100,370,5,5,2011,-1,-1,-1,NA,,WT,NA,WT,LEF1,RANKL,PTHrP
4280,F,4,100,370,5,5,2011,-1,-1,-1,NA,,WT,NA,WT,LEF1,RANKL,PTHrP
4281,F,4,100,370,5,5,2011,-1,-1,-1,NA,,WT,NA,WT,LEF1,RANKL,PTHrP
4282,F,4,100,370,5,5,2011,-1,-1,-1,NA,,WT,NA,WT,LEF1,RANKL,PTHrP
4283,F,4,100,370,5,5,2011,-1,-1,-1,NA,,WT,NA,WT,LEF1,RANKL,PTHrP
4284,F,4,100,370,5,5,2011,-1,-1,-1,NA,,WT,NA,WT,LEF1,RANKL,PTHrP
4285,F,4,100,370,5,5,2011,-1,-1,-1,NA,,WT,NA,WT,LEF1,RANKL,PTHrP
4286,F,4,100,370,5,5,2011,-1,-1,-1,NA,,WT,NA,WT,LEF1,RANKL,PTHrP
4287,F,4,100,370,5,5,2011,-1,-1,-1,NA,,WT,NA,WT,LEF1,RANKL,PTHrP
4288,F,4,100,370,5,5,2011,-1,-1,-1,NA,,WT,NA,WT,LEF1,RANKL,PTHrP
4289,F,4,100,370,5,5,2011,-1,-1,-1,NA,,WT,NA,WT,LEF1,RANKL,PTHrP
4290,F,4,100,370,5,5,2011,-1,-1,-1,NA,,WT,NA,WT,LEF1,RANKL,PTHrP
4291,F,4,100,370,5,5,2011,-1,-1,-1,NA,,WT,NA,WT,LEF1,RANKL,PTHrP
4292,F,4,100,370,5,5,2011,-1,-1,-1,NA,,WT,NA,WT,LEF1,RANKL,PTHrP
4293,F,4,100,370,5,5,2011,-1,-1,-1,NA,,WT,NA,WT,LEF1,RANKL,PTHrP
4294,F,4,100,370,5,5,2011,-1,-1,-1,NA,,WT,NA,WT,LEF1,RANKL,PTHrP
4295,F,4,100,370,5,5,2011,-1,-1,-1,NA,,WT,NA,WT,LEF1,RANKL,PTHrP
4296,F,4,100,370,5,5,2011,-1,-1,-1,NA,,WT,NA,WT,LEF1,RANKL,PTHrP
4297,F,4,100,370,5,5,2011,-1,-1,-1,NA,,WT,NA,WT,LEF1,RANKL,PTHrP
4298,F,4,100,370,5,5,2011,-1,-1,-1,NA,,WT,NA,WT,LEF1,RANKL,PTHrP
4299,F,4,100,370,5,5,2011,-1,-1,-1,NA,,WT,NA,WT,LEF1,RANKL,PTHrP
4300,NA,4,100,370,9,5,2012,-1,-1,-1,NA,,-/-,NA,NA,LEF1,RANKL,PTHrP
4301,NA,4,100,370,9,5,2012,-1,-1,-1,NA,,-/-,NA,NA,LEF1,RANKL,PTHrP
4302,NA,4,100,370,9,5,2012,-1,-1,-1,NA,,-/-,NA,NA,LEF1,RANKL,PTHrP
4303,NA,4,100,370,9,5,2012,-1,-1,-1,NA,,-/-,NA,NA,LEF1,RANKL,PTHrP
4304,NA,4,100,370,9,5,2012,-1,-1,-1,NA,,-/-,NA,NA,LEF1,RANKL,PTHrP
4305,NA,4,100,370,9,5,2012,-1,-1,-1,NA,,-/-,NA,NA,LEF1,RANKL,PTHrP
4306,NA,4,100,370,9,5,2012,-1,-1,-1,NA,,-/-,NA,NA,LEF1,RANKL,PTHrP
4307,NA,4,100,370,9,5,2012,-1,-1,-1,NA,,-/-,NA,NA,LEF1,RANKL,PTHrP
4308,NA,4,100,370,9,5,2012,-1,-1,-1,NA,,-/-,NA,NA,LEF1,RANKL,PTHrP
4309,NA,4,100,370,9,5,2012,-1,-1,-1,NA,,-/-,NA,NA,LEF1,RANKL,PTHrP
4310,NA,4,100,370,9,5,2012,-1,-1,-1,NA,,-/-,NA,NA,LEF1,RANKL,PTHrP
4311,NA,4,100,370,9,5,2012,-1,-1,-1,NA,,-/-,NA,NA,LEF1,RANKL,PTHrP
4312,NA,4,100,370,9,5,2012,-1,-1,-1,NA,,-/-,NA,NA,LEF1,RANKL,PTHrP
4313,NA,4,100,370,9,5,2012,-1,-1,-1,NA,,-/-,NA,NA,LEF1,RANKL,PTHrP
4314,NA,4,100,370,9,5,2012,-1,-1,-1,NA,,-/-,NA,NA,LEF1,RANKL,PTHrP
4315,NA,4,100,370,9,5,2012,-1,-1,-1,NA,,-/-,NA,NA,LEF1,RANKL,PTHrP
4316,NA,4,100,370,9,5,2012,-1,-1,-1,NA,,-/-,NA,NA,LEF1,RANKL,PTHrP
4317,NA,4,100,370,9,5,2012,-1,-1,-1,NA,,-/-,NA,NA,LEF1,RANKL,PTHrP
4318,NA,4,100,370,9,5,2012,-1,-1,-1,NA,,-/-,NA,NA,LEF1,RANKL,PTHrP
4319,NA,4,100,370,9,5,2012,-1,-1,-1,NA,,-/-,NA,NA,LEF1,RANKL,PTHrP
4320,M,4,100,370,9,5,2012,-1,-1,-1,NA,,+/-,NA,NA,LEF1,RANKL,PTHrP
4321,M,4,100,370,9,5,2012,-1,-1,-1,NA,,+/-,NA,NA,LEF1,RANKL,PTHrP
4322,M,4,100,370,9,5,2012,-1,-1,-1,NA,,+/-,NA,NA,LEF1,RANKL,PTHrP
4323,M,4,100,370,9,5,2012,-1,-1,-1,NA,,+/-,NA,NA,LEF1,RANKL,PTHrP
4324,M,4,100,370,9,5,2012,-1,-1,-1,NA,,+/-,NA,NA,LEF1,RANKL,PTHrP
4325,M,4,100,370,9,5,2012,-1,-1,-1,NA,,+/-,NA,NA,LEF1,RANKL,PTHrP
4326,M,4,100,370,9,5,2012,-1,-1,-1,NA,,+/-,NA,NA,LEF1,RANKL,PTHrP
4327,M,4,100,370,9,5,2012,-1,-1,-1,NA,,+/-,NA,NA,LEF1,RANKL,PTHrP
4328,M,4,100,370,9,5,2012,-1,-1,-1,NA,,+/-,NA,NA,LEF1,RANKL,PTHrP
4329,M,4,100,370,9,5,2012,-1,-1,-1,NA,,+/-,NA,NA,LEF1,RANKL,PTHrP
4330,M,4,100,370,9,5,2012,-1,-1,-1,NA,,+/-,NA,NA,LEF1,RANKL,PTHrP
4331,M,4,100,370,9,5,2012,-1,-1,-1,NA,,+/-,NA,NA,LEF1,RANKL,PTHrP
4332,M,4,100,370,9,5,2012,-1,-1,-1,NA,,+/-,NA,NA,LEF1,RANKL,PTHrP
4333,M,4,100,370,9,5,2012,-1,-1,-1,NA,,+/-,NA,NA,LEF1,RANKL,PTHrP
4334,M,4,100,370,9,5,2012,-1,-1,-1,NA,,+/-,NA,NA,LEF1,RANKL,PTHrP
4335,M,4,100,370,9,5,2012,-1,-1,-1,NA,,+/-,NA,NA,LEF1,RANKL,PTHrP
4336,M,4,100,370,9,5,2012,-1,-1,-1,NA,,+/-,NA,NA,LEF1,RANKL,PTHrP
4337,M,4,100,370,9,5,2012,-1,-1,-1,NA,,+/-,NA,NA,LEF1,RANKL,PTHrP
4338,M,4,100,370,9,5,2012,-1,-1,-1,NA,,+/-,NA,NA,LEF1,RANKL,PTHrP
4339,M,4,100,370,9,5,2012,-1,-1,-1,NA,,+/-,NA,NA,LEF1,RANKL,PTHrP
4340,F,4,100,370,9,5,2012,-1,-1,-1,NA,,+/-,WT,NA,LEF1,RANKL,PTHrP
4341,F,4,100,370,9,5,2012,-1,-1,-1,NA,,+/-,WT,NA,LEF1,RANKL,PTHrP
4342,F,4,100,370,9,5,2012,-1,-1,-1,NA,,+/-,WT,NA,LEF1,RANKL,PTHrP
4343,F,4,100,370,9,5,2012,-1,-1,-1,NA,,+/-,WT,NA,LEF1,RANKL,PTHrP
4344,F,4,100,370,9,5,2012,-1,-1,-1,NA,,+/-,WT,NA,LEF1,RANKL,PTHrP
4345,F,4,100,370,9,5,2012,-1,-1,-1,NA,,+/-,WT,NA,LEF1,RANKL,PTHrP
4346,F,4,100,370,9,5,2012,-1,-1,-1,NA,,+/-,WT,NA,LEF1,RANKL,PTHrP
4347,F,4,100,370,9,5,2012,-1,-1,-1,NA,,+/-,WT,NA,LEF1,RANKL,PTHrP
4348,F,4,100,370,9,5,2012,-1,-1,-1,NA,,+/-,WT,NA,LEF1,RANKL,PTHrP
4349,F,4,100,370,9,5,2012,-1,-1,-1,NA,,+/-,WT,NA,LEF1,RANKL,PTHrP
4350,F,4,100,370,9,5,2012,-1,-1,-1,NA,,+/-,WT,NA,LEF1,RANKL,PTHrP
4351,F,4,100,370,9,5,2012,-1,-1,-1,NA,,+/-,WT,NA,LEF1,RANKL,PTHrP
4352,F,4,100,370,9,5,2012,-1,-1,-1,NA,,+/-,WT,NA,LEF1,RANKL,PTHrP
4353,F,4,100,370,9,5,2012,-1,-1,-1,NA,,+/-,WT,NA,LEF1,RANKL,PTHrP
4354,F,4,100,370,9,5,2012,-1,-1,-1,NA,,+/-,WT,NA,LEF1,RANKL,PTHrP
4355,F,4,100,370,9,5,2012,-1,-1,-1,NA,,+/-,WT,NA,LEF1,RANKL,PTHrP
4356,F,4,100,370,9,5,2012,-1,-1,-1,NA,,+/-,WT,NA,LEF1,RANKL,PTHrP
4357,F,4,100,370,9,5,2012,-1,-1,-1,NA,,+/-,WT,NA,LEF1,RANKL,PTHrP
4358,F,4,100,370,9,5,2012,-1,-1,-1,NA,,+/-,WT,NA,LEF1,RANKL,PTHrP
4359,F,4,100,370,9,5,2012,-1,-1,-1,NA,,+/-,WT,NA,LEF1,RANKL,PTHrP
4360,F,4,100,370,9,5,2012,-1,-1,-1,NA,,+/-,WT,NA,LEF1,RANKL,PTHrP
4361,F,4,100,370,9,5,2012,-1,-1,-1,NA,,+/-,WT,NA,LEF1,RANKL,PTHrP
4362,F,4,100,370,9,5,2012,-1,-1,-1,NA,,+/-,WT,NA,LEF1,RANKL,PTHrP
4363,F,4,100,370,9,5,2012,-1,-1,-1,NA,,+/-,WT,NA,LEF1,RANKL,PTHrP
4364,F,4,100,370,9,5,2012,-1,-1,-1,NA,,+/-,WT,NA,LEF1,RANKL,PTHrP
4365,F,4,100,370,9,5,2012,-1,-1,-1,NA,,+/-,WT,NA,LEF1,RANKL,PTHrP
4366,F,4,100,370,9,5,2012,-1,-1,-1,NA,,+/-,WT,NA,LEF1,RANKL,PTHrP
4367,F,4,100,370,9,5,2012,-1,-1,-1,NA,,+/-,WT,NA,LEF1,RANKL,PTHrP
4368,F,4,100,370,9,5,2012,-1,-1,-1,NA,,+/-,WT,NA,LEF1,RANKL,PTHrP
4369,F,4,100,370,9,5,2012,-1,-1,-1,NA,,+/-,WT,NA,LEF1,RANKL,PTHrP
4370,F,4,100,370,9,5,2012,-1,-1,-1,NA,,+/-,WT,NA,LEF1,RANKL,PTHrP
4371,F,4,100,370,9,5,2012,-1,-1,-1,NA,,+/-,WT,NA,LEF1,RANKL,PTHrP
4372,F,4,100,370,9,5,2012,-1,-1,-1,NA,,+/-,WT,NA,LEF1,RANKL,PTHrP
4373,F,4,100,370,9,5,2012,-1,-1,-1,NA,,+/-,WT,NA,LEF1,RANKL,PTHrP
4374,F,4,100,370,9,5,2012,-1,-1,-1,NA,,+/-,WT,NA,LEF1,RANKL,PTHrP
4375,F,4,100,370,9,5,2012,-1,-1,-1,NA,,+/-,WT,NA,LEF1,RANKL,PTHrP
4376,F,4,100,370,9,5,2012,-1,-1,-1,NA,,+/-,WT,NA,LEF1,RANKL,PTHrP
4377,F,4,100,370,9,5,2012,-1,-1,-1,NA,,+/-,WT,NA,LEF1,RANKL,PTHrP
4378,F,4,100,370,9,5,2012,-1,-1,-1,NA,,+/-,WT,NA,LEF1,RANKL,PTHrP
4379,F,4,100,370,9,5,2012,-1,-1,-1,NA,,+/-,WT,NA,LEF1,RANKL,PTHrP
4380,M,4,100,370,9,5,2012,-1,-1,-1,NA,,WT,-/-,NA,LEF1,RANKL,PTHrP
4381,M,4,100,370,9,5,2012,-1,-1,-1,NA,,WT,-/-,NA,LEF1,RANKL,PTHrP
4382,M,4,100,370,9,5,2012,-1,-1,-1,NA,,WT,-/-,NA,LEF1,RANKL,PTHrP
4383,M,4,100,370,9,5,2012,-1,-1,-1,NA,,WT,-/-,NA,LEF1,RANKL,PTHrP
4384,M,4,100,370,9,5,2012,-1,-1,-1,NA,,WT,-/-,NA,LEF1,RANKL,PTHrP
4385,M,4,100,370,9,5,2012,-1,-1,-1,NA,,WT,-/-,NA,LEF1,RANKL,PTHrP
4386,M,4,100,370,9,5,2012,-1,-1,-1,NA,,WT,-/-,NA,LEF1,RANKL,PTHrP
4387,M,4,100,370,9,5,2012,-1,-1,-1,NA,,WT,-/-,NA,LEF1,RANKL,PTHrP
4388,M,4,100,370,9,5,2012,-1,-1,-1,NA,,WT,-/-,NA,LEF1,RANKL,PTHrP
4389,M,4,100,370,9,5,2012,-1,-1,-1,NA,,WT,-/-,NA,LEF1,RANKL,PTHrP
4390,M,4,100,370,9,5,2012,-1,-1,-1,NA,,WT,-/-,NA,LEF1,RANKL,PTHrP
4391,M,4,100,370,9,5,2012,-1,-1,-1,NA,,WT,-/-,NA,LEF1,RANKL,PTHrP
4392,M,4,100,370,9,5,2012,-1,-1,-1,NA,,WT,-/-,NA,LEF1,RANKL,PTHrP
4393,M,4,100,370,9,5,2012,-1,-1,-1,NA,,WT,-/-,NA,LEF1,RANKL,PTHrP
4394,M,4,100,370,9,5,2012,-1,-1,-1,NA,,WT,-/-,NA,LEF1,RANKL,PTHrP
4395,M,4,100,370,9,5,2012,-1,-1,-1,NA,,WT,-/-,NA,LEF1,RANKL,PTHrP
4396,M,4,100,370,9,5,2012,-1,-1,-1,NA,,WT,-/-,NA,LEF1,RANKL,PTHrP
4397,M,4,100,370,9,5,2012,-1,-1,-1,NA,,WT,-/-,NA,LEF1,RANKL,PTHrP
4398,M,4,100,370,9,5,2012,-1,-1,-1,NA,,WT,-/-,NA,LEF1,RANKL,PTHrP
4399,M,4,100,370,9,5,2012,-1,-1,-1,NA,,WT,-/-,NA,LEF1,RANKL,PTHrP
4400,M,4,100,370,9,5,2012,-1,-1,-1,NA,,WT,-/-,NA,LEF1,RANKL,PTHrP
4401,M,4,100,370,9,5,2012,-1,-1,-1,NA,,WT,-/-,NA,LEF1,RANKL,PTHrP
4402,M,4,100,370,9,5,2012,-1,-1,-1,NA,,WT,-/-,NA,LEF1,RANKL,PTHrP
4403,M,4,100,370,9,5,2012,-1,-1,-1,NA,,WT,-/-,NA,LEF1,RANKL,PTHrP
4404,M,4,100,370,9,5,2012,-1,-1,-1,NA,,WT,-/-,NA,LEF1,RANKL,PTHrP
4405,M,4,100,370,9,5,2012,-1,-1,-1,NA,,WT,-/-,NA,LEF1,RANKL,PTHrP
4406,M,4,100,370,9,5,2012,-1,-1,-1,NA,,WT,-/-,NA,LEF1,RANKL,PTHrP
4407,M,4,100,370,9,5,2012,-1,-1,-1,NA,,WT,-/-,NA,LEF1,RANKL,PTHrP
4408,M,4,100,370,9,5,2012,-1,-1,-1,NA,,WT,-/-,NA,LEF1,RANKL,PTHrP
4409,M,4,100,370,9,5,2012,-1,-1,-1,NA,,WT,-/-,NA,LEF1,RANKL,PTHrP
4410,F,1,100,370,9,5,2012,-1,-1,-1,NA,,NA,-/-,+/-,LEF1,RANKL,PTHrP
4411,F,1,100,370,9,5,2012,-1,-1,-1,NA,,NA,-/-,+/-,LEF1,RANKL,PTHrP
4412,F,1,100,370,9,5,2012,-1,-1,-1,NA,,NA,-/-,+/-,LEF1,RANKL,PTHrP
4413,F,1,100,370,9,5,2012,-1,-1,-1,NA,,NA,-/-,+/-,LEF1,RANKL,PTHrP
4414,F,1,100,370,9,5,2012,-1,-1,-1,NA,,NA,-/-,+/-,LEF1,RANKL,PTHrP
4415,F,1,100,370,9,5,2012,-1,-1,-1,NA,,NA,-/-,+/-,LEF1,RANKL,PTHrP
4416,F,1,100,370,9,5,2012,-1,-1,-1,NA,,NA,-/-,+/-,LEF1,RANKL,PTHrP
4417,F,1,100,370,9,5,2012,-1,-1,-1,NA,,NA,-/-,+/-,LEF1,RANKL,PTHrP
4418,F,1,100,370,9,5,2012,-1,-1,-1,NA,,NA,-/-,+/-,LEF1,RANKL,PTHrP
4419,F,1,100,370,9,5,2012,-1,-1,-1,NA,,NA,-/-,+/-,LEF1,RANKL,PTHrP
4420,F,1,100,370,9,5,2012,-1,-1,-1,NA,,NA,-/-,+/-,LEF1,RANKL,PTHrP
4421,F,1,100,370,9,5,2012,-1,-1,-1,NA,,NA,-/-,+/-,LEF1,RANKL,PTHrP
4422,F,1,100,370,9,5,2012,-1,-1,-1,NA,,NA,-/-,+/-,LEF1,RANKL,PTHrP
4423,F,1,100,370,9,5,2012,-1,-1,-1,NA,,NA,-/-,+/-,LEF1,RANKL,PTHrP
4424,F,1,100,370,9,5,2012,-1,-1,-1,NA,,NA,-/-,+/-,LEF1,RANKL,PTHrP
4425,F,1,100,370,9,5,2012,-1,-1,-1,NA,,NA,-/-,+/-,LEF1,RANKL,PTHrP
4426,F,1,100,370,9,5,2012,-1,-1,-1,NA,,NA,-/-,+/-,LEF1,RANKL,PTHrP
4427,F,1,100,370,9,5,2012,-1,-1,-1,NA,,NA,-/-,+/-,LEF1,RANKL,PTHrP
4428,F,1,100,370,9,5,2012,-1,-1,-1,NA,,NA,-/-,+/-,LEF1,RANKL,PTHrP
4429,F,1,100,370,9,5,2012,-1,-1,-1,NA,,NA,-/-,+/-,LEF1,RANKL,PTHrP
4430,M,1,100,370,9,5,2012,-1,-1,-1,NA,,NA,-/-,-/-,LEF1,RANKL,PTHrP
4431,M,1,100,370,9,5,2012,-1,-1,-1,NA,,NA,-/-,-/-,LEF1,RANKL,PTHrP
4432,M,1,100,370,9,5,2012,-1,-1,-1,NA,,NA,-/-,-/-,LEF1,RANKL,PTHrP
4433,M,1,100,370,9,5,2012,-1,-1,-1,NA,,NA,-/-,-/-,LEF1,RANKL,PTHrP
4434,M,1,100,370,9,5,2012,-1,-1,-1,NA,,NA,-/-,-/-,LEF1,RANKL,PTHrP
4435,M,1,100,370,9,5,2012,-1,-1,-1,NA,,NA,-/-,-/-,LEF1,RANKL,PTHrP
4436,M,1,100,370,9,5,2012,-1,-1,-1,NA,,NA,-/-,-/-,LEF1,RANKL,PTHrP
4437,M,1,100,370,9,5,2012,-1,-1,-1,NA,,NA,-/-,-/-,LEF1,RANKL,PTHrP
4438,M,1,100,370,9,5,2012,-1,-1,-1,NA,,NA,-/-,-/-,LEF1,RANKL,PTHrP
4439,M,1,100,370,9,5,2012,-1,-1,-1,NA,,NA,-/-,-/-,LEF1,RANKL,PTHrP
4440,M,1,100,370,9,5,2012,-1,-1,-1,NA,,NA,-/-,-/-,LEF1,RANKL,PTHrP
4441,M,1,100,370,9,5,2012,-1,-1,-1,NA,,NA,-/-,-/-,LEF1,RANKL,PTHrP
4442,M,1,100,370,9,5,2012,-1,-1,-1,NA,,NA,-/-,-/-,LEF1,RANKL,PTHrP
4443,M,1,100,370,9,5,2012,-1,-1,-1,NA,,NA,-/-,-/-,LEF1,RANKL,PTHrP
4444,M,1,100,370,9,5,2012,-1,-1,-1,NA,,NA,-/-,-/-,LEF1,RANKL,PTHrP
4445,M,1,100,370,9,5,2012,-1,-1,-1,NA,,NA,-/-,-/-,LEF1,RANKL,PTHrP
4446,M,1,100,370,9,5,2012,-1,-1,-1,NA,,NA,-/-,-/-,LEF1,RANKL,PTHrP
4447,M,1,100,370,9,5,2012,-1,-1,-1,NA,,NA,-/-,-/-,LEF1,RANKL,PTHrP
4448,M,1,100,370,9,5,2012,-1,-1,-1,NA,,NA,-/-,-/-,LEF1,RANKL,PTHrP
4449,M,1,100,370,9,5,2012,-1,-1,-1,NA,,NA,-/-,-/-,LEF1,RANKL,PTHrP
4450,F,1,100,370,9,5,2012,-1,-1,-1,NA,,NA,+/-,-/-,LEF1,RANKL,PTHrP
4451,F,1,100,370,9,5,2012,-1,-1,-1,NA,,NA,+/-,-/-,LEF1,RANKL,PTHrP
4452,F,1,100,370,9,5,2012,-1,-1,-1,NA,,NA,+/-,-/-,LEF1,RANKL,PTHrP
4453,F,1,100,370,9,5,2012,-1,-1,-1,NA,,NA,+/-,-/-,LEF1,RANKL,PTHrP
4454,F,1,100,370,9,5,2012,-1,-1,-1,NA,,NA,+/-,-/-,LEF1,RANKL,PTHrP
4455,F,1,100,370,9,5,2012,-1,-1,-1,NA,,NA,+/-,-/-,LEF1,RANKL,PTHrP
4456,F,1,100,370,9,5,2012,-1,-1,-1,NA,,NA,+/-,-/-,LEF1,RANKL,PTHrP
4457,F,1,100,370,9,5,2012,-1,-1,-1,NA,,NA,+/-,-/-,LEF1,RANKL,PTHrP
4458,F,1,100,370,9,5,2012,-1,-1,-1,NA,,NA,+/-,-/-,LEF1,RANKL,PTHrP
4459,F,1,100,370,9,5,2012,-1,-1,-1,NA,,NA,+/-,-/-,LEF1,RANKL,PTHrP
4460,F,1,100,370,9,5,2012,-1,-1,-1,NA,,NA,+/-,-/-,LEF1,RANKL,PTHrP
4461,F,1,100,370,9,5,2012,-1,-1,-1,NA,,NA,+/-,-/-,LEF1,RANKL,PTHrP
4462,F,1,100,370,9,5,2012,-1,-1,-1,NA,,NA,+/-,-/-,LEF1,RANKL,PTHrP
4463,F,1,100,370,9,5,2012,-1,-1,-1,NA,,NA,+/-,-/-,LEF1,RANKL,PTHrP
4464,F,1,100,370,9,5,2012,-1,-1,-1,NA,,NA,+/-,-/-,LEF1,RANKL,PTHrP
4465,F,1,100,370,9,5,2012,-1,-1,-1,NA,,NA,+/-,-/-,LEF1,RANKL,PTHrP
4466,F,1,100,370,9,5,2012,-1,-1,-1,NA,,NA,+/-,-/-,LEF1,RANKL,PTHrP
4467,F,1,100,370,9,5,2012,-1,-1,-1,NA,,NA,+/-,-/-,LEF1,RANKL,PTHrP
4468,F,1,100,370,9,5,2012,-1,-1,-1,NA,,NA,+/-,-/-,LEF1,RANKL,PTHrP
4469,F,1,100,370,9,5,2012,-1,-1,-1,NA,,NA,+/-,-/-,LEF1,RANKL,PTHrP
4470,F,1,100,370,9,5,2012,-1,-1,-1,NA,,NA,+/-,-/-,LEF1,RANKL,PTHrP
4471,F,1,100,370,9,5,2012,-1,-1,-1,NA,,NA,+/-,-/-,LEF1,RANKL,PTHrP
4472,F,1,100,370,9,5,2012,-1,-1,-1,NA,,NA,+/-,-/-,LEF1,RANKL,PTHrP
4473,F,1,100,370,9,5,2012,-1,-1,-1,NA,,NA,+/-,-/-,LEF1,RANKL,PTHrP
4474,F,1,100,370,9,5,2012,-1,-1,-1,NA,,NA,+/-,-/-,LEF1,RANKL,PTHrP
4475,F,1,100,370,9,5,2012,-1,-1,-1,NA,,NA,+/-,-/-,LEF1,RANKL,PTHrP
4476,F,1,100,370,9,5,2012,-1,-1,-1,NA,,NA,+/-,-/-,LEF1,RANKL,PTHrP
4477,F,1,100,370,9,5,2012,-1,-1,-1,NA,,NA,+/-,-/-,LEF1,RANKL,PTHrP
4478,F,1,100,370,9,5,2012,-1,-1,-1,NA,,NA,+/-,-/-,LEF1,RANKL,PTHrP
4479,F,1,100,370,9,5,2012,-1,-1,-1,NA,,NA,+/-,-/-,LEF1,RANKL,PTHrP
4480,F,1,100,370,9,5,2012,-1,-1,-1,NA,,NA,+/-,-/-,LEF1,RANKL,PTHrP
4481,F,1,100,370,9,5,2012,-1,-1,-1,NA,,NA,+/-,-/-,LEF1,RANKL,PTHrP
4482,F,1,100,370,9,5,2012,-1,-1,-1,NA,,NA,+/-,-/-,LEF1,RANKL,PTHrP
4483,F,1,100,370,9,5,2012,-1,-1,-1,NA,,NA,+/-,-/-,LEF1,RANKL,PTHrP
4484,F,1,100,370,9,5,2012,-1,-1,-1,NA,,NA,+/-,-/-,LEF1,RANKL,PTHrP
4485,F,1,100,370,9,5,2012,-1,-1,-1,NA,,NA,+/-,-/-,LEF1,RANKL,PTHrP
4486,F,1,100,370,9,5,2012,-1,-1,-1,NA,,NA,+/-,-/-,LEF1,RANKL,PTHrP
4487,F,1,100,370,9,5,2012,-1,-1,-1,NA,,NA,+/-,-/-,LEF1,RANKL,PTHrP
4488,F,1,100,370,9,5,2012,-1,-1,-1,NA,,NA,+/-,-/-,LEF1,RANKL,PTHrP
4489,F,1,100,370,9,5,2012,-1,-1,-1,NA,,NA,+/-,-/-,LEF1,RANKL,PTHrP
4490,F,1,100,370,9,5,2012,-1,-1,-1,NA,,NA,+/-,-/-,LEF1,RANKL,PTHrP
4491,F,1,100,370,9,5,2012,-1,-1,-1,NA,,NA,+/-,-/-,LEF1,RANKL,PTHrP
4492,F,1,100,370,9,5,2012,-1,-1,-1,NA,,NA,+/-,-/-,LEF1,RANKL,PTHrP
4493,F,1,100,370,9,5,2012,-1,-1,-1,NA,,NA,+/-,-/-,LEF1,RANKL,PTHrP
4494,F,1,100,370,9,5,2012,-1,-1,-1,NA,,NA,+/-,-/-,LEF1,RANKL,PTHrP
4495,F,1,100,370,9,5,2012,-1,-1,-1,NA,,NA,+/-,-/-,LEF1,RANKL,PTHrP
4496,F,1,100,370,9,5,2012,-1,-1,-1,NA,,NA,+/-,-/-,LEF1,RANKL,PTHrP
4497,F,1,100,370,9,5,2012,-1,-1,-1,NA,,NA,+/-,-/-,LEF1,RANKL,PTHrP
4498,F,1,100,370,9,5,2012,-1,-1,-1,NA,,NA,+/-,-/-,LEF1,RANKL,PTHrP
4499,F,1,100,370,9,5,2012,-1,-1,-1,NA,,NA,+/-,-/-,LEF1,RANKL,PTHrP
4500,F,4,100,370,9,5,2012,-1,-1,-1,NA,,NA,+/-,-/-,LEF1,RANKL,PTHrP
4501,F,4,100,370,9,5,2012,-1,-1,-1,NA,,NA,+/-,-/-,LEF1,RANKL,PTHrP
4502,F,4,100,370,9,5,2012,-1,-1,-1,NA,,NA,+/-,-/-,LEF1,RANKL,PTHrP
4503,F,4,100,370,9,5,2012,-1,-1,-1,NA,,NA,+/-,-/-,LEF1,RANKL,PTHrP
4504,F,4,100,370,9,5,2012,-1,-1,-1,NA,,NA,+/-,-/-,LEF1,RANKL,PTHrP
4505,F,4,100,370,9,5,2012,-1,-1,-1,NA,,NA,+/-,-/-,LEF1,RANKL,PTHrP
4506,F,4,100,370,9,5,2012,-1,-1,-1,NA,,NA,+/-,-/-,LEF1,RANKL,PTHrP
4507,F,4,100,370,9,5,2012,-1,-1,-1,NA,,NA,+/-,-/-,LEF1,RANKL,PTHrP
4508,F,4,100,370,9,5,2012,-1,-1,-1,NA,,NA,+/-,-/-,LEF1,RANKL,PTHrP
4509,F,4,100,370,9,5,2012,-1,-1,-1,NA,,NA,+/-,-/-,LEF1,RANKL,PTHrP
4510,F,4,100,370,9,5,2012,-1,-1,-1,NA,,NA,+/-,-/-,LEF1,RANKL,PTHrP
4511,F,4,100,370,9,5,2012,-1,-1,-1,NA,,NA,+/-,-/-,LEF1,RANKL,PTHrP
4512,F,4,100,370,9,5,2012,-1,-1,-1,NA,,NA,+/-,-/-,LEF1,RANKL,PTHrP
4513,F,4,100,370,9,5,2012,-1,-1,-1,NA,,NA,+/-,-/-,LEF1,RANKL,PTHrP
4514,F,4,100,370,9,5,2012,-1,-1,-1,NA,,NA,+/-,-/-,LEF1,RANKL,PTHrP
4515,F,4,100,370,9,5,2012,-1,-1,-1,NA,,NA,+/-,-/-,LEF1,RANKL,PTHrP
4516,F,4,100,370,9,5,2012,-1,-1,-1,NA,,NA,+/-,-/-,LEF1,RANKL,PTHrP
4517,F,4,100,370,9,5,2012,-1,-1,-1,NA,,NA,+/-,-/-,LEF1,RANKL,PTHrP
4518,F,4,100,370,9,5,2012,-1,-1,-1,NA,,NA,+/-,-/-,LEF1,RANKL,PTHrP
4519,F,4,100,370,9,5,2012,-1,-1,-1,NA,,NA,+/-,-/-,LEF1,RANKL,PTHrP
4520,F,4,100,370,9,5,2012,-1,-1,-1,NA,,NA,+/-,-/-,LEF1,RANKL,PTHrP
4521,F,4,100,370,9,5,2012,-1,-1,-1,NA,,NA,+/-,-/-,LEF1,RANKL,PTHrP
4522,F,4,100,370,9,5,2012,-1,-1,-1,NA,,NA,+/-,-/-,LEF1,RANKL,PTHrP
4523,F,4,100,370,9,5,2012,-1,-1,-1,NA,,NA,+/-,-/-,LEF1,RANKL,PTHrP
4524,F,4,100,370,9,5,2012,-1,-1,-1,NA,,NA,+/-,-/-,LEF1,RANKL,PTHrP
4525,F,4,100,370,9,5,2012,-1,-1,-1,NA,,NA,+/-,-/-,LEF1,RANKL,PTHrP
4526,F,4,100,370,9,5,2012,-1,-1,-1,NA,,NA,+/-,-/-,LEF1,RANKL,PTHrP
4527,F,4,100,370,9,5,2012,-1,-1,-1,NA,,NA,+/-,-/-,LEF1,RANKL,PTHrP
4528,F,4,100,370,9,5,2012,-1,-1,-1,NA,,NA,+/-,-/-,LEF1,RANKL,PTHrP
4529,F,4,100,370,9,5,2012,-1,-1,-1,NA,,NA,+/-,-/-,LEF1,RANKL,PTHrP
4530,F,4,100,370,9,5,2012,-1,-1,-1,NA,,NA,+/-,-/-,LEF1,RANKL,PTHrP
4531,F,4,100,370,9,5,2012,-1,-1,-1,NA,,NA,+/-,-/-,LEF1,RANKL,PTHrP
4532,F,4,100,370,9,5,2012,-1,-1,-1,NA,,NA,+/-,-/-,LEF1,RANKL,PTHrP
4533,F,4,100,370,9,5,2012,-1,-1,-1,NA,,NA,+/-,-/-,LEF1,RANKL,PTHrP
4534,F,4,100,370,9,5,2012,-1,-1,-1,NA,,NA,+/-,-/-,LEF1,RANKL,PTHrP
4535,F,4,100,370,9,5,2012,-1,-1,-1,NA,,NA,+/-,-/-,LEF1,RANKL,PTHrP
4536,F,4,100,370,9,5,2012,-1,-1,-1,NA,,NA,+/-,-/-,LEF1,RANKL,PTHrP
4537,F,4,100,370,9,5,2012,-1,-1,-1,NA,,NA,+/-,-/-,LEF1,RANKL,PTHrP
4538,F,4,100,370,9,5,2012,-1,-1,-1,NA,,NA,+/-,-/-,LEF1,RANKL,PTHrP
4539,F,4,100,370,9,5,2012,-1,-1,-1,NA,,NA,+/-,-/-,LEF1,RANKL,PTHrP
4540,F,4,100,370,9,5,2012,-1,-1,-1,NA,,NA,+/-,-/-,LEF1,RANKL,PTHrP
4541,F,4,100,370,9,5,2012,-1,-1,-1,NA,,NA,+/-,-/-,LEF1,RANKL,PTHrP
4542,F,4,100,370,9,5,2012,-1,-1,-1,NA,,NA,+/-,-/-,LEF1,RANKL,PTHrP
4543,F,4,100,370,9,5,2012,-1,-1,-1,NA,,NA,+/-,-/-,LEF1,RANKL,PTHrP
4544,F,4,100,370,9,5,2012,-1,-1,-1,NA,,NA,+/-,-/-,LEF1,RANKL,PTHrP
4545,F,4,100,370,9,5,2012,-1,-1,-1,NA,,NA,+/-,-/-,LEF1,RANKL,PTHrP
4546,F,4,100,370,9,5,2012,-1,-1,-1,NA,,NA,+/-,-/-,LEF1,RANKL,PTHrP
4547,F,4,100,370,9,5,2012,-1,-1,-1,NA,,NA,+/-,-/-,LEF1,RANKL,PTHrP
4548,F,4,100,370,9,5,2012,-1,-1,-1,NA,,NA,+/-,-/-,LEF1,RANKL,PTHrP
4549,F,4,100,370,9,5,2012,-1,-1,-1,NA,,NA,+/-,-/-,LEF1,RANKL,PTHrP
4550,M,4,100,370,9,5,2012,-1,-1,-1,NA,,NA,+/-,-/-,LEF1,RANKL,PTHrP
4551,M,4,100,370,9,5,2012,-1,-1,-1,NA,,NA,+/-,-/-,LEF1,RANKL,PTHrP
4552,M,4,100,370,9,5,2012,-1,-1,-1,NA,,NA,+/-,-/-,LEF1,RANKL,PTHrP
4553,M,4,100,370,9,5,2012,-1,-1,-1,NA,,NA,+/-,-/-,LEF1,RANKL,PTHrP
4554,M,4,100,370,9,5,2012,-1,-1,-1,NA,,NA,+/-,-/-,LEF1,RANKL,PTHrP
4555,M,4,100,370,9,5,2012,-1,-1,-1,NA,,NA,+/-,-/-,LEF1,RANKL,PTHrP
4556,M,4,100,370,9,5,2012,-1,-1,-1,NA,,NA,+/-,-/-,LEF1,RANKL,PTHrP
4557,M,4,100,370,9,5,2012,-1,-1,-1,NA,,NA,+/-,-/-,LEF1,RANKL,PTHrP
4558,M,4,100,370,9,5,2012,-1,-1,-1,NA,,NA,+/-,-/-,LEF1,RANKL,PTHrP
4559,M,4,100,370,9,5,2012,-1,-1,-1,NA,,NA,+/-,-/-,LEF1,RANKL,PTHrP
4560,M,4,100,370,9,5,2012,-1,-1,-1,NA,,NA,+/-,-/-,LEF1,RANKL,PTHrP
4561,M,4,100,370,9,5,2012,-1,-1,-1,NA,,NA,+/-,-/-,LEF1,RANKL,PTHrP
4562,M,4,100,370,9,5,2012,-1,-1,-1,NA,,NA,+/-,-/-,LEF1,RANKL,PTHrP
4563,M,4,100,370,9,5,2012,-1,-1,-1,NA,,NA,+/-,-/-,LEF1,RANKL,PTHrP
4564,M,4,100,370,9,5,2012,-1,-1,-1,NA,,NA,+/-,-/-,LEF1,RANKL,PTHrP
4565,M,4,100,370,9,5,2012,-1,-1,-1,NA,,NA,+/-,-/-,LEF1,RANKL,PTHrP
4566,M,4,100,370,9,5,2012,-1,-1,-1,NA,,NA,+/-,-/-,LEF1,RANKL,PTHrP
4567,M,4,100,370,9,5,2012,-1,-1,-1,NA,,NA,+/-,-/-,LEF1,RANKL,PTHrP
4568,M,4,100,370,9,5,2012,-1,-1,-1,NA,,NA,+/-,-/-,LEF1,RANKL,PTHrP
4569,M,4,100,370,9,5,2012,-1,-1,-1,NA,,NA,+/-,-/-,LEF1,RANKL,PTHrP
4570,M,4,100,370,9,5,2012,-1,-1,-1,NA,,NA,+/-,-/-,LEF1,RANKL,PTHrP
4571,M,4,100,370,9,5,2012,-1,-1,-1,NA,,NA,+/-,-/-,LEF1,RANKL,PTHrP
4572,M,4,100,370,9,5,2012,-1,-1,-1,NA,,NA,+/-,-/-,LEF1,RANKL,PTHrP
4573,M,4,100,370,9,5,2012,-1,-1,-1,NA,,NA,+/-,-/-,LEF1,RANKL,PTHrP
4574,M,4,100,370,9,5,2012,-1,-1,-1,NA,,NA,+/-,-/-,LEF1,RANKL,PTHrP
4575,M,4,100,370,9,5,2012,-1,-1,-1,NA,,NA,-/-,-/-,LEF1,RANKL,PTHrP
4576,M,4,100,370,9,5,2012,-1,-1,-1,NA,,NA,-/-,-/-,LEF1,RANKL,PTHrP
4577,M,4,100,370,9,5,2012,-1,-1,-1,NA,,NA,-/-,-/-,LEF1,RANKL,PTHrP
4578,M,4,100,370,9,5,2012,-1,-1,-1,NA,,NA,-/-,-/-,LEF1,RANKL,PTHrP
4579,M,4,100,370,9,5,2012,-1,-1,-1,NA,,NA,-/-,-/-,LEF1,RANKL,PTHrP
4580,M,4,100,370,9,5,2012,-1,-1,-1,NA,,NA,-/-,-/-,LEF1,RANKL,PTHrP
4581,M,4,100,370,9,5,2012,-1,-1,-1,NA,,NA,-/-,-/-,LEF1,RANKL,PTHrP
4582,M,4,100,370,9,5,2012,-1,-1,-1,NA,,NA,-/-,-/-,LEF1,RANKL,PTHrP
4583,M,4,100,370,9,5,2012,-1,-1,-1,NA,,NA,-/-,-/-,LEF1,RANKL,PTHrP
4584,M,4,100,370,9,5,2012,-1,-1,-1,NA,,NA,-/-,-/-,LEF1,RANKL,PTHrP
4585,M,4,100,370,9,5,2012,-1,-1,-1,NA,,NA,-/-,-/-,LEF1,RANKL,PTHrP
4586,M,4,100,370,9,5,2012,-1,-1,-1,NA,,NA,-/-,-/-,LEF1,RANKL,PTHrP
4587,M,4,100,370,9,5,2012,-1,-1,-1,NA,,NA,-/-,-/-,LEF1,RANKL,PTHrP
4588,M,4,100,370,9,5,2012,-1,-1,-1,NA,,NA,-/-,-/-,LEF1,RANKL,PTHrP
4589,M,4,100,370,9,5,2012,-1,-1,-1,NA,,NA,-/-,-/-,LEF1,RANKL,PTHrP
4590,M,4,100,370,9,5,2012,-1,-1,-1,NA,,NA,-/-,-/-,LEF1,RANKL,PTHrP
4591,M,4,100,370,9,5,2012,-1,-1,-1,NA,,NA,-/-,-/-,LEF1,RANKL,PTHrP
4592,M,4,100,370,9,5,2012,-1,-1,-1,NA,,NA,-/-,-/-,LEF1,RANKL,PTHrP
4593,M,4,100,370,9,5,2012,-1,-1,-1,NA,,NA,-/-,-/-,LEF1,RANKL,PTHrP
4594,M,4,100,370,9,5,2012,-1,-1,-1,NA,,NA,-/-,-/-,LEF1,RANKL,PTHrP
4595,M,4,100,370,9,5,2012,-1,-1,-1,NA,,NA,-/-,-/-,LEF1,RANKL,PTHrP
4596,M,4,100,370,9,5,2012,-1,-1,-1,NA,,NA,-/-,-/-,LEF1,RANKL,PTHrP
4597,M,4,100,370,9,5,2012,-1,-1,-1,NA,,NA,-/-,-/-,LEF1,RANKL,PTHrP
4598,M,4,100,370,9,5,2012,-1,-1,-1,NA,,NA,-/-,-/-,LEF1,RANKL,PTHrP
4599,M,4,100,370,9,5,2012,-1,-1,-1,NA,,NA,-/-,-/-,LEF1,RANKL,PTHrP